Priority Rank,Suggested Priority,Priority Reason,Class,Module Category,Generated CSV,Todo Status,Class Symbol Status,Y Count,N Count,Partial Count,Open Items,Total Items,Completion Percent,Source,Binding,Class Note
1,High,Already exported in Python with a small remaining API gap,ProcessImportFits,High Level Cube I/O,base_process_import_fits_methods.csv,已转换,Y,7,0,0,0,7,100.00,isis/src/base/objs/ProcessImportFits/ProcessImportFits.h,isis_pybind_standalone/src/bind_high_level_cube_io.cpp,流程/回调接口较多
1,High,Already exported in Python with a small remaining API gap,ProcessImportVicar,High Level Cube I/O,base_process_import_vicar_methods.csv,已转换,Y,2,0,0,0,2,100.00,isis/src/base/objs/ProcessImportVicar/ProcessImportVicar.h,isis_pybind_standalone/src/bind_high_level_cube_io.cpp,流程/回调接口较多
1,High,Already exported in Python with a small remaining API gap,Brick,Low Level Cube I/O,base_brick_methods.csv,已转换,Y,10,0,0,0,10,100.00,isis/src/base/objs/Brick/Brick.h,isis_pybind_standalone/src/bind_low_level_cube_io.cpp,需注意内存生命周期与数据视图映射
1,High,Already exported in Python with a small remaining API gap,LineManager,Low Level Cube I/O,base_line_manager_methods.csv,已转换,Y,3,0,0,0,3,100.00,isis/src/base/objs/LineManager/LineManager.h,isis_pybind_standalone/src/bind_low_level_cube_io.cpp,
1,High,Already exported in Python with a small remaining API gap,Portal,Low Level Cube I/O,base_portal_methods.csv,已转换,Y,4,0,0,0,4,100.00,isis/src/base/objs/Portal/Portal.h,isis_pybind_standalone/src/bind_low_level_cube_io.cpp,需注意内存生命周期与数据视图映射
1,High,Already exported in Python with a small remaining API gap,SampleManager,Low Level Cube I/O,base_sample_manager_methods.csv,已转换,Y,3,0,0,0,3,100.00,isis/src/base/objs/SampleManager/SampleManager.h,isis_pybind_standalone/src/bind_low_level_cube_io.cpp,
1,High,Already exported in Python with a small remaining API gap,TileManager,Low Level Cube I/O,base_tile_manager_methods.csv,已转换,Y,4,0,0,0,4,100.00,isis/src/base/objs/TileManager/TileManager.h,isis_pybind_standalone/src/bind_low_level_cube_io.cpp,
1,High,Already exported in Python with a small remaining API gap,GroupedStatistics,Statistics,base_grouped_statistics_methods.csv,已转换,Y,5,0,0,0,5,100.00,isis/src/base/objs/GroupedStatistics/GroupedStatistics.h,isis_pybind_standalone/src/bind_statistics.cpp,
1,High,Already exported in Python with a small remaining API gap,Histogram,Statistics,base_histogram_methods.csv,已转换,Y,20,0,0,0,20,100.00,isis/src/base/objs/Histogram/Histogram.h,isis_pybind_standalone/src/bind_statistics.cpp,
1,High,Already exported in Python with a small remaining API gap,VecFilter,Statistics,base_vec_filter_methods.csv,已转换,Y,5,0,0,0,5,100.00,isis/src/base/objs/VecFilter/VecFilter.h,isis_pybind_standalone/src/bind_statistics.cpp,
1,High,Already exported in Python with a small remaining API gap,Process,High Level Cube I/O,base_process_methods.csv,已转换,Y,30,1,0,1,31,96.77,isis/src/base/objs/Process/Process.h,isis_pybind_standalone/src/bind_high_level_cube_io.cpp,流程/回调接口较多
1,High,Already exported in Python with a small remaining API gap,Buffer,Low Level Cube I/O,base_buffer_methods.csv,已转换,Y,16,1,0,1,17,94.12,isis/src/base/objs/Buffer/Buffer.h,isis_pybind_standalone/src/bind_low_level_cube_io.cpp,需注意内存生命周期与数据视图映射
1,High,Already exported in Python with a small remaining API gap,AlphaCube,Low Level Cube I/O,base_alpha_cube_methods.csv,已转换,Y,12,0,0,0,12,100.00,isis/src/base/objs/AlphaCube/AlphaCube.h,isis_pybind_standalone/src/bind_low_level_cube_io.cpp,
1,High,Already exported in Python with a small remaining API gap,GaussianDistribution,Statistics,base_gaussian_distribution_methods.csv,已转换,Y,6,1,0,1,7,85.71,isis/src/base/objs/GaussianDistribution/GaussianDistribution.h,isis_pybind_standalone/src/bind_statistics.cpp,
1,High,Already exported in Python with a small remaining API gap,ProcessByBoxcar,High Level Cube I/O,base_process_by_boxcar_methods.csv,已转换,Y,5,1,0,1,6,83.33,isis/src/base/objs/ProcessByBoxcar/ProcessByBoxcar.h,isis_pybind_standalone/src/bind_high_level_cube_io.cpp,流程/回调接口较多
1,High,Already exported in Python with a small remaining API gap,ProcessByQuickFilter,High Level Cube I/O,base_process_by_quick_filter_methods.csv,已转换,Y,3,1,0,1,4,75.00,isis/src/base/objs/ProcessByQuickFilter/ProcessByQuickFilter.h,isis_pybind_standalone/src/bind_high_level_cube_io.cpp,流程/回调接口较多
1,High,Already exported in Python with a small remaining API gap,PvlGroup,Parsing,base_pvl_group_methods.csv,已转换,Y,2,1,0,1,3,66.67,isis/src/base/objs/PvlGroup/PvlGroup.h,isis_pybind_standalone/src/base/bind_base_pvl.cpp,
1,High,Already exported in Python with a small remaining API gap,iTime,Parsing,base_i_time_methods.csv,已转换,Y,21,2,0,2,23,91.30,isis/src/base/objs/iTime/iTime.h,isis_pybind_standalone/src/base/bind_base_support.cpp,
1,High,Already exported in Python with a small remaining API gap,MultivariateStatistics,Statistics,base_multivariate_statistics_methods.csv,已转换,Y,14,2,0,2,16,87.50,isis/src/base/objs/MultivariateStatistics/MultivariateStatistics.h,isis_pybind_standalone/src/bind_statistics.cpp,
1,High,Already exported in Python with a small remaining API gap,BufferManager,Low Level Cube I/O,base_buffer_manager_methods.csv,已转换,Y,5,2,0,2,7,71.43,isis/src/base/objs/BufferManager/BufferManager.h,isis_pybind_standalone/src/bind_low_level_cube_io.cpp,需注意内存生命周期与数据视图映射
1,High,Already exported in Python with a small remaining API gap,LineScanCamera,"Spice, Instruments, and Cameras",base_line_scan_camera_methods.csv,已转换,Y,4,2,0,2,6,66.67,isis/src/base/objs/LineScanCamera/LineScanCamera.h,isis_pybind_standalone/src/bind_camera_hierarchy.cpp,相机模型/Spice 依赖；后续建议补真实数据单测
1,High,Already exported in Python with a small remaining API gap,LineScanCameraSkyMap,"Spice, Instruments, and Cameras",base_line_scan_camera_sky_map_methods.csv,已转换,Y,1,2,0,2,3,33.33,isis/src/base/objs/LineScanCameraSkyMap/LineScanCameraSkyMap.h,N/A,第七批已补符号导出；缺少稳定本地 line-scan cube，后续补行为单测
1,High,Already exported in Python with a small remaining API gap,RadarCamera,"Spice, Instruments, and Cameras",base_radar_camera_methods.csv,已转换,Y,1,2,0,2,3,33.33,isis/src/base/objs/RadarCamera/RadarCamera.h,isis_pybind_standalone/src/bind_camera_hierarchy.cpp,相机模型/Spice 依赖；后续建议补真实数据单测
1,High,Already exported in Python with full API coverage,InterestOperatorFactory,Control Networks,control_interest_operator_factory_methods.csv,已转换,Y,2,0,0,0,2,100.00,isis/src/control/objs/InterestOperatorFactory/InterestOperatorFactory.h,isis_pybind_standalone/src/control/bind_interest_operator_factory.cpp,工厂类，静态创建接口较多
1,High,"Not exported yet, but the class looks small enough for a quick win",BoxcarManager,Low Level Cube I/O,base_boxcar_manager_methods.csv,未转换,N,0,2,0,2,2,0.00,isis/src/base/objs/BoxcarManager/BoxcarManager.h,N/A,
1,High,"Not exported yet, but the class looks small enough for a quick win",RegionalCachingAlgorithm,Low Level Cube I/O,base_regional_caching_algorithm_methods.csv,未转换,N,0,2,0,2,2,0.00,isis/src/base/objs/Cube/RegionalCachingAlgorithm.h,N/A,
1,High,Already exported in Python with full API coverage,CubeInfixToPostfix,Math,base_cube_infix_to_postfix_methods.csv,已转换,Y,2,0,0,0,2,100.00,isis/src/base/objs/CubeInfixToPostfix/CubeInfixToPostfix.h,isis_pybind_standalone/src/base/bind_base_math.cpp,
1,High,Already exported in Python with full API coverage,InlineInfixToPostfix,Math,base_inline_infix_to_postfix_methods.csv,已转换,Y,2,0,0,0,2,100.00,isis/src/base/objs/InlineInfixToPostfix/InlineInfixToPostfix.h,isis_pybind_standalone/src/base/bind_base_math.cpp,
1,High,Already exported in Python with full API coverage,AtmosModelFactory,Pattern Matching,base_atmos_model_factory_methods.csv,已转换,Y,2,0,0,0,2,100.00,isis/src/base/objs/AtmosModelFactory/AtmosModelFactory.h,isis_pybind_standalone/src/base/bind_base_photometry.cpp,工厂类，静态创建接口较多；2026-04-04 已补最小工厂链单测
1,High,Already exported in Python with complete API coverage,AutoRegFactory,Pattern Matching,base_auto_reg_factory_methods.csv,已转换,Y,2,0,0,0,2,100.00,isis/src/base/objs/AutoRegFactory/AutoRegFactory.h,isis_pybind_standalone/src/base/bind_auto_reg_factory.cpp,工厂类，静态创建接口
1,High,Already exported in Python with complete API coverage,MaximumCorrelation,Pattern Matching,base_maximum_correlation_methods.csv,已转换,Y,2,0,0,0,2,100.00,isis/src/base/objs/MaximumCorrelation/MaximumCorrelation.h,isis_pybind_standalone/src/base/bind_base_pattern.cpp,继承 AutoReg 全部方法
1,High,Already exported in Python with full API coverage,PhotoModelFactory,Pattern Matching,base_photo_model_factory_methods.csv,已转换,Y,2,0,0,0,2,100.00,isis/src/base/objs/PhotoModelFactory/PhotoModelFactory.h,isis_pybind_standalone/src/base/bind_base_photometry.cpp,工厂类，静态创建接口较多；2026-04-04 已补最小工厂链单测
1,High,"Not exported yet, but the class looks small enough for a quick win",PolygonSeederFactory,Pattern Matching,base_polygon_seeder_factory_methods.csv,未转换,N,0,2,0,2,2,0.00,isis/src/base/objs/PolygonSeederFactory/PolygonSeederFactory.h,N/A,工厂类，静态创建接口较多
1,High,"Not exported yet, but the class looks small enough for a quick win",AlbedoAtm,Radiometric And Photometric Correction,base_albedo_atm_methods.csv,未转换,N,0,2,0,2,2,0.00,isis/src/base/objs/AlbedoAtm/AlbedoAtm.h,N/A,
1,High,"Bound in bind_base_photometry.cpp (2026-04-06)",Anisotropic1,Radiometric And Photometric Correction,base_anisotropic1_methods.csv,已转换,Y,2,0,0,0,2,100.00,isis/src/base/objs/Anisotropic1/Anisotropic1.h,isis_pybind_standalone/src/base/bind_base_photometry.cpp,
1,High,"Not exported yet, but the class looks small enough for a quick win",AlbedoAtm,Radiometric And Photometric Correction,base_albedo_atm_methods.csv,已转换,Y,2,0,0,0,2,100.00,isis/src/base/objs/AlbedoAtm/AlbedoAtm.h,src/base/bind_base_photometry.cpp,2026-04-06 已在 bind_base_photometry.cpp 暴露构造函数与继承的 NormModel 方法（calc_nrm_albedo/algorithm_name）
1,High,Direct class symbol is still missing although factory-based atmospheric configuration is exercised in tests,Anisotropic1,Radiometric And Photometric Correction,base_anisotropic1_methods.csv,未转换,N,0,2,0,2,2,0.00,isis/src/base/objs/Anisotropic1/Anisotropic1.h,N/A,当前可通过 AtmosModelFactory.create(...) 按 PVL 算法名间接创建对应大气模型；尚未直接暴露类符号
1,High,"Not exported yet, but the class looks small enough for a quick win",Anisotropic2,Radiometric And Photometric Correction,base_anisotropic2_methods.csv,未转换,N,0,2,0,2,2,0.00,isis/src/base/objs/Anisotropic2/Anisotropic2.h,N/A,
1,High,"Not exported yet, but the class looks small enough for a quick win",HapkeAtm1,Radiometric And Photometric Correction,base_hapke_atm1_methods.csv,未转换,N,0,2,0,2,2,0.00,isis/src/base/objs/HapkeAtm1/HapkeAtm1.h,N/A,
1,High,"Not exported yet, but the class looks small enough for a quick win",HapkeAtm2,Radiometric And Photometric Correction,base_hapke_atm2_methods.csv,未转换,N,0,2,0,2,2,0.00,isis/src/base/objs/HapkeAtm2/HapkeAtm2.h,N/A,
1,High,"Not exported yet, but the class looks small enough for a quick win",Isotropic1,Radiometric And Photometric Correction,base_isotropic1_methods.csv,未转换,N,0,2,0,2,2,0.00,isis/src/base/objs/Isotropic1/Isotropic1.h,N/A,
1,High,"Not exported yet, but the class looks small enough for a quick win",Isotropic2,Radiometric And Photometric Correction,base_isotropic2_methods.csv,未转换,N,0,2,0,2,2,0.00,isis/src/base/objs/Isotropic2/Isotropic2.h,N/A,
1,High,"Not exported yet, but the class looks small enough for a quick win",ShadeAtm,Radiometric And Photometric Correction,base_shade_atm_methods.csv,未转换,N,0,2,0,2,2,0.00,isis/src/base/objs/ShadeAtm/ShadeAtm.h,N/A,
1,High,"Not exported yet, but the class looks small enough for a quick win",TopoAtm,Radiometric And Photometric Correction,base_topo_atm_methods.csv,未转换,N,0,2,0,2,2,0.00,isis/src/base/objs/TopoAtm/TopoAtm.h,N/A,
1,High,"Not exported yet, but the class looks small enough for a quick win",Body,SensorUtilities,sensorutilities_body_methods.csv,未转换,N,0,2,0,2,2,0.00,N/A,N/A,ISIS 同级 SensorUtilities 库；抽象基类/纯虚接口
1,High,"Not exported yet, but the class looks small enough for a quick win",GroundPt2D,SensorUtilities,sensorutilities_ground_pt2_d_methods.csv,未转换,N,0,2,0,2,2,0.00,N/A,N/A,ISIS 同级 SensorUtilities 库；轻量值类型
1,High,"Not exported yet, but the class looks small enough for a quick win",GroundPt3D,SensorUtilities,sensorutilities_ground_pt3_d_methods.csv,未转换,N,0,2,0,2,2,0.00,N/A,N/A,ISIS 同级 SensorUtilities 库；轻量值类型
1,High,"Not exported yet, but the class looks small enough for a quick win",Illuminator,SensorUtilities,sensorutilities_illuminator_methods.csv,未转换,N,0,2,0,2,2,0.00,N/A,N/A,ISIS 同级 SensorUtilities 库；抽象基类/纯虚接口
1,High,"Not exported yet, but the class looks small enough for a quick win",ImagePt,SensorUtilities,sensorutilities_image_pt_methods.csv,未转换,N,0,2,0,2,2,0.00,N/A,N/A,ISIS 同级 SensorUtilities 库；轻量值类型
1,High,"Not exported yet, but the class looks small enough for a quick win",Intersection,SensorUtilities,sensorutilities_intersection_methods.csv,未转换,N,0,2,0,2,2,0.00,N/A,N/A,ISIS 同级 SensorUtilities 库；轻量值类型
1,High,"Not exported yet, but the class looks small enough for a quick win",ObserverState,SensorUtilities,sensorutilities_observer_state_methods.csv,未转换,N,0,2,0,2,2,0.00,N/A,N/A,ISIS 同级 SensorUtilities 库；轻量值类型
1,High,"Not exported yet, but the class looks small enough for a quick win",RaDec,SensorUtilities,sensorutilities_ra_dec_methods.csv,未转换,N,0,2,0,2,2,0.00,N/A,N/A,ISIS 同级 SensorUtilities 库；轻量值类型
1,High,"Not exported yet, but the class looks small enough for a quick win",Vec,SensorUtilities,sensorutilities_vec_methods.csv,未转换,N,0,2,0,2,2,0.00,N/A,N/A,ISIS 同级 SensorUtilities 库；轻量值类型
1,High,Already exported in Python with a small remaining API gap,FramingCamera,"Spice, Instruments, and Cameras",base_framing_camera_methods.csv,已转换,Y,1,3,0,3,4,25.00,isis/src/base/objs/FramingCamera/FramingCamera.h,isis_pybind_standalone/src/bind_camera_hierarchy.cpp,抽象基类/纯虚接口；相机模型/Spice 依赖；第五批已验证层级关系
1,High,Already exported in Python with a small remaining API gap,RollingShutterCamera,"Spice, Instruments, and Cameras",base_rolling_shutter_camera_methods.csv,已转换,Y,1,3,0,3,4,25.00,isis/src/base/objs/RollingShutterCamera/RollingShutterCamera.h,isis_pybind_standalone/src/bind_camera_hierarchy.cpp,相机模型/Spice 依赖
1,High,"Not exported yet, but the class looks small enough for a quick win",ControlPointV0003,Control Networks,control_control_point_v0003_methods.csv,未转换,N,0,3,0,3,3,0.00,isis/src/control/objs/ControlNetVersioner/ControlPointV0003.h,N/A,
1,High,Already exported in Python with a small remaining API gap,BandManager,Low Level Cube I/O,base_band_manager_methods.csv,已转换,Y,3,0,0,0,3,100.00,isis/src/base/objs/BandManager/BandManager.h,isis_pybind_standalone/src/bind_low_level_cube_io.cpp,
1,High,"Not exported yet, but the class looks small enough for a quick win",CubeBsqHandler,Low Level Cube I/O,base_cube_bsq_handler_methods.csv,未转换,N,0,3,0,3,3,0.00,isis/src/base/objs/Cube/CubeBsqHandler.h,N/A,
1,High,"Not exported yet, but the class looks small enough for a quick win",CubeTileHandler,Low Level Cube I/O,base_cube_tile_handler_methods.csv,未转换,N,0,3,0,3,3,0.00,isis/src/base/objs/Cube/CubeTileHandler.h,N/A,
1,High,"Not exported yet, but the class looks small enough for a quick win",GainChannelNormalize,Mars Reconnaissance Orbiter,mro_gain_channel_normalize_methods.csv,未转换,N,0,3,0,3,3,0.00,isis/src/mro/objs/HiCal/GainChannelNormalize.h,N/A,抽象基类/纯虚接口
1,High,"Not exported yet, but the class looks small enough for a quick win",GainLineDrift,Mars Reconnaissance Orbiter,mro_gain_line_drift_methods.csv,未转换,N,0,3,0,3,3,0.00,isis/src/mro/objs/HiCal/GainLineDrift.h,N/A,抽象基类/纯虚接口
1,High,"Not exported yet, but the class looks small enough for a quick win",GainNonLinearity,Mars Reconnaissance Orbiter,mro_gain_non_linearity_methods.csv,未转换,N,0,3,0,3,3,0.00,isis/src/mro/objs/HiCal/GainNonLinearity.h,N/A,
1,High,"Not exported yet, but the class looks small enough for a quick win",GainTemperature,Mars Reconnaissance Orbiter,mro_gain_temperature_methods.csv,未转换,N,0,3,0,3,3,0.00,isis/src/mro/objs/HiCal/GainTemperature.h,N/A,
1,High,"Not exported yet, but the class looks small enough for a quick win",GainUnitConversion,Mars Reconnaissance Orbiter,mro_gain_unit_conversion_methods.csv,未转换,N,0,3,0,3,3,0.00,isis/src/mro/objs/HiCal/GainUnitConversion.h,N/A,
1,High,"Not exported yet, but the class looks small enough for a quick win",NthOrderPolynomial,Math,base_nth_order_polynomial_methods.csv,已转换,Y,3,3,0,3,0,100.00,isis/src/base/objs/NthOrderPolynomial/NthOrderPolynomial.h,src/base/bind_base_math.cpp,
1,High,"Not exported yet, but the class looks small enough for a quick win",PolynomialBivariate,Math,base_polynomial_bivariate_methods.csv,未转换,N,0,3,0,3,3,0.00,isis/src/base/objs/PolynomialBivariate/PolynomialBivariate.h,N/A,
1,High,"Not exported yet, but the class looks small enough for a quick win",AdaptiveGruen,Pattern Matching,base_adaptive_gruen_methods.csv,未转换,N,0,3,0,3,3,0.00,isis/src/base/objs/AdaptiveGruen/AdaptiveGruen.h,N/A,
1,High,"Not exported yet, but the class looks small enough for a quick win",MinimumDifference,Pattern Matching,base_minimum_difference_methods.csv,未转换,N,0,3,0,3,3,0.00,isis/src/base/objs/MinimumDifference/MinimumDifference.h,N/A,
1,High,Already exported in Python with full API coverage,NormModelFactory,Pattern Matching,base_norm_model_factory_methods.csv,已转换,Y,3,0,0,0,3,100.00,isis/src/base/objs/NormModelFactory/NormModelFactory.h,src/base/bind_base_photometry.cpp,工厂类，静态创建接口较多；2026-04-06 已补 create(...) 两个静态工厂重载
1,High,"Not exported yet, but the class looks small enough for a quick win",CSMSkyMap,"Spice, Instruments, and Cameras",base_csm_sky_map_methods.csv,未转换,N,0,3,0,3,3,0.00,isis/src/base/objs/CSMSkyMap/CSMSkyMap.h,N/A,
1,High,"Not exported yet, but the class looks small enough for a quick win",IrregularBodyCameraGroundMap,"Spice, Instruments, and Cameras",base_irregular_body_camera_ground_map_methods.csv,未转换,N,0,3,0,3,3,0.00,isis/src/base/objs/IrregularBodyCameraGroundMap/IrregularBodyCameraGroundMap.h,N/A,
1,High,"Not exported yet, but the class looks small enough for a quick win",PixelFOV,"Spice, Instruments, and Cameras",base_pixel_fov_methods.csv,未转换,N,0,3,0,3,3,0.00,isis/src/base/objs/PixelFOV/PixelFOV.h,N/A,
1,High,"Not exported yet, but the class looks small enough for a quick win",RadarGroundRangeMap,"Spice, Instruments, and Cameras",base_radar_ground_range_map_methods.csv,未转换,N,0,3,0,3,3,0.00,isis/src/base/objs/RadarGroundRangeMap/RadarGroundRangeMap.h,N/A,
1,High,"Not exported yet, but the class looks small enough for a quick win",Plugin,System,base_plugin_methods.csv,未转换,N,0,3,0,3,3,0.00,isis/src/base/objs/Plugin/Plugin.h,N/A,
1,High,"Not exported yet, but the class looks small enough for a quick win",GaussianStretch,Utility,base_gaussian_stretch_methods.csv,未转换,N,0,3,0,3,3,0.00,isis/src/base/objs/GaussianStretch/GaussianStretch.h,N/A,
1,High,"Not exported yet, but the class looks small enough for a quick win",ID,Utility,base_id_methods.csv,未转换,N,0,3,0,3,3,0.00,isis/src/base/objs/ID/ID.h,N/A,
1,High,Already exported in Python with a small remaining API gap,Statistics,Statistics,base_statistics_methods.csv,已转换,Y,38,4,0,4,42,90.48,isis/src/base/objs/Statistics/Statistics.h,isis_pybind_standalone/src/bind_statistics.cpp,Qt 类型/信号槽较多
1,High,Already exported in Python with a small remaining API gap,WorldMapper,Map Projection,base_world_mapper_methods.csv,已转换,Y,3,4,0,4,7,42.86,isis/src/base/objs/WorldMapper/WorldMapper.h,isis_pybind_standalone/src/base/bind_base_projection.cpp,抽象基类/纯虚接口
1,High,Already exported in Python with a small remaining API gap,ImageHistogram,Statistics,base_image_histogram_methods.csv,已转换,Y,2,4,0,4,6,33.33,isis/src/base/objs/ImageHistogram/ImageHistogram.h,isis_pybind_standalone/src/bind_statistics.cpp,
1,High,Already exported in Python with full API coverage,HrscCamera,Mars Express,mex_hrsc_camera_methods.csv,已转换,Y,5,0,0,0,5,100.00,isis/src/mex/objs/HrscCamera/HrscCamera.h,isis_pybind_standalone/src/mission/bind_mission_cameras.cpp,"2026-04-06 已补 direct Cube 构造与 CK/SPK ID 方法；亦属 Spice, Instruments, and Cameras 相关类；相机模型/Spice 依赖"
1,High,Already exported in Python with a small remaining API gap,MocNarrowAngleCamera,Mars Global Surveyor,mgs_moc_narrow_angle_camera_methods.csv,已转换,Y,1,4,0,4,5,20.00,isis/src/mgs/objs/MocNarrowAngleCamera/MocNarrowAngleCamera.h,isis_pybind_standalone/src/mission/bind_mission_cameras.cpp,"亦属 Spice, Instruments, and Cameras 相关类；相机模型/Spice 依赖"
1,High,Already exported in Python with a small remaining API gap,MocWideAngleCamera,Mars Global Surveyor,mgs_moc_wide_angle_camera_methods.csv,已转换,Y,1,4,0,4,5,20.00,isis/src/mgs/objs/MocWideAngleCamera/MocWideAngleCamera.h,isis_pybind_standalone/src/mission/bind_mission_cameras.cpp,"亦属 Spice, Instruments, and Cameras 相关类；相机模型/Spice 依赖"
1,High,Already exported in Python with a small remaining API gap,CTXCamera,Mars Reconnaissance Orbiter,mro_ctx_camera_methods.csv,已转换,Y,1,4,0,4,5,20.00,isis/src/mro/objs/CTXCamera/CTXCamera.h,isis_pybind_standalone/src/mission/bind_mission_cameras.cpp,"亦属 Spice, Instruments, and Cameras 相关类；相机模型/Spice 依赖"
1,High,Already exported in Python with a small remaining API gap,HiriseCamera,Mars Reconnaissance Orbiter,mro_hirise_camera_methods.csv,已转换,Y,1,4,0,4,5,20.00,isis/src/mro/objs/HiriseCamera/HiriseCamera.h,isis_pybind_standalone/src/mission/bind_mission_cameras.cpp,"亦属 Spice, Instruments, and Cameras 相关类；相机模型/Spice 依赖"
1,High,Already exported in Python with a small remaining API gap,CameraFactory,"Spice, Instruments, and Cameras",base_camera_factory_methods.csv,已转换,Y,1,4,0,4,5,20.00,isis/src/base/objs/CameraFactory/CameraFactory.h,isis_pybind_standalone/src/bind_camera_factory.cpp,工厂类，静态创建接口较多；第五批已补基础单测与失败路径
1,High,Already exported in Python with a small remaining API gap,LineScanCameraGroundMap,"Spice, Instruments, and Cameras",base_line_scan_camera_ground_map_methods.csv,已转换,Y,1,4,0,4,5,20.00,isis/src/base/objs/LineScanCameraGroundMap/LineScanCameraGroundMap.h,N/A,第七批已补符号导出；缺少稳定本地 line-scan cube，后续补行为单测
1,High,Already exported in Python with a small remaining API gap,PushFrameCamera,"Spice, Instruments, and Cameras",base_push_frame_camera_methods.csv,已转换,Y,1,4,0,4,5,20.00,isis/src/base/objs/PushFrameCamera/PushFrameCamera.h,isis_pybind_standalone/src/bind_camera_hierarchy.cpp,相机模型/Spice 依赖；后续建议补真实数据单测
1,High,"Not exported yet, but the class looks small enough for a quick win",ControlNetDiff,Control Networks,control_control_net_diff_methods.csv,未转换,N,0,4,0,4,4,0.00,isis/src/control/objs/ControlNetDiff/ControlNetDiff.h,N/A,
1,High,"Not exported yet, but the class looks small enough for a quick win",ControlPointV0001,Control Networks,control_control_point_v0001_methods.csv,未转换,N,0,4,0,4,4,0.00,isis/src/control/objs/ControlNetVersioner/ControlPointV0001.h,N/A,
1,High,"Not exported yet, but the class looks small enough for a quick win",ControlPointV0002,Control Networks,control_control_point_v0002_methods.csv,未转换,N,0,4,0,4,4,0.00,isis/src/control/objs/ControlNetVersioner/ControlPointV0002.h,N/A,
1,High,"Not exported yet, but the class looks small enough for a quick win",Reduce,Geometry,base_reduce_methods.csv,未转换,N,0,4,0,4,4,0.00,isis/src/base/objs/Reduce/Reduce.h,N/A,
1,High,"Not exported yet, but the class looks small enough for a quick win",JP2Error,High Level Cube I/O,base_jp2_error_methods.csv,未转换,N,0,4,0,4,4,0.00,isis/src/base/objs/JP2Error/JP2Error.h,N/A,
1,High,"Not exported yet, but the class looks small enough for a quick win",JP2Exporter,High Level Cube I/O,base_jp2_exporter_methods.csv,未转换,N,0,4,0,4,4,0.00,isis/src/base/objs/JP2Exporter/JP2Exporter.h,N/A,
1,High,"Not exported yet, but the class looks small enough for a quick win",SubArea,High Level Cube I/O,base_sub_area_methods.csv,未转换,N,0,4,0,4,4,0.00,isis/src/base/objs/SubArea/SubArea.h,N/A,
1,High,"Not exported yet, but the class looks small enough for a quick win",TiffExporter,High Level Cube I/O,base_tiff_exporter_methods.csv,未转换,N,0,4,0,4,4,0.00,isis/src/base/objs/TiffExporter/TiffExporter.h,N/A,
1,High,"Not exported yet, but the class looks small enough for a quick win",OriginalLabel,Low Level Cube I/O,base_original_label_methods.csv,未转换,N,0,4,0,4,4,0.00,isis/src/base/objs/OriginalLabel/OriginalLabel.h,N/A,
1,High,"Not exported yet, but the class looks small enough for a quick win",MocNarrowAngleSumming,Mars Global Surveyor,mgs_moc_narrow_angle_summing_methods.csv,已转换,Y,src/mgs/bind_mgs_utilities.cpp,4,0,4,4,100.00,isis/src/mgs/objs/MocNarrowAngleSumming/MocNarrowAngleSumming.h,"2026-04-05 已在 bind_mgs_utilities.cpp 暴露全部方法","亦属 Spice, Instruments, and Cameras 相关类"
1,High,"Not exported yet, but the class looks small enough for a quick win",MocWideAngleDistortionMap,Mars Global Surveyor,mgs_moc_wide_angle_distortion_map_methods.csv,已转换,Y,src/mgs/bind_mgs_utilities.cpp,4,0,4,4,100.00,isis/src/mgs/objs/MocWideAngleCamera/MocWideAngleDistortionMap.h,"2026-04-05 已在 bind_mgs_utilities.cpp 暴露构造函数与 set_focal_plane/set_undistorted_focal_plane，继承自 CameraDistortionMap","亦属 Spice, Instruments, and Cameras 相关类；相机模型/Spice 依赖"
1,High,"Not exported yet, but the class looks small enough for a quick win",MocWideAngleDetectorMap,Mars Global Surveyor,mgs_moc_wide_angle_detector_map_methods.csv,已转换,Y,src/mgs/bind_mgs_utilities.cpp,4,0,4,4,100.00,isis/src/mgs/objs/MocWideAngleCamera/MocWideAngleDetectorMap.h,"2026-04-05 已在 bind_mgs_utilities.cpp 暴露构造函数与 set_parent/set_detector，继承自 LineScanCameraDetectorMap","亦属 Spice, Instruments, and Cameras 相关类"
1,High,"Not exported yet, but the class looks small enough for a quick win",GainFlatField,Mars Reconnaissance Orbiter,mro_gain_flat_field_methods.csv,未转换,N,0,4,0,4,4,0.00,isis/src/mro/objs/HiCal/GainFlatField.h,N/A,抽象基类/纯虚接口
1,High,"Not exported yet, but the class looks small enough for a quick win",HiBlob,Mars Reconnaissance Orbiter,mro_hi_blob_methods.csv,未转换,N,0,4,0,4,4,0.00,isis/src/mro/objs/HiCal/HiBlob.h,N/A,
1,High,"Not exported yet, but the class looks small enough for a quick win",HiEqualization,Mars Reconnaissance Orbiter,mro_hi_equalization_methods.csv,未转换,N,0,4,0,4,4,0.00,isis/src/mro/objs/HiEqualization/HiEqualization.h,N/A,
1,High,"Not exported yet, but the class looks small enough for a quick win",ZeroBufferSmooth,Mars Reconnaissance Orbiter,mro_zero_buffer_smooth_methods.csv,未转换,N,0,4,0,4,4,0.00,isis/src/mro/objs/HiCal/ZeroBufferSmooth.h,N/A,抽象基类/纯虚接口
1,High,"Not exported yet, but the class looks small enough for a quick win",ZeroDark,Mars Reconnaissance Orbiter,mro_zero_dark_methods.csv,未转换,N,0,4,0,4,4,0.00,isis/src/mro/objs/HiCal/ZeroDark.h,N/A,抽象基类/纯虚接口
1,High,"Not exported yet, but the class looks small enough for a quick win",ZeroDarkRate,Mars Reconnaissance Orbiter,mro_zero_dark_rate_methods.csv,未转换,N,0,4,0,4,4,0.00,isis/src/mro/objs/HiCal/ZeroDarkRate.h,N/A,抽象基类/纯虚接口
1,High,"Not exported yet, but the class looks small enough for a quick win",Basis1VariableFunction,Math,base_basis1_variable_function_methods.csv,未转换,N,0,4,0,4,4,0.00,isis/src/base/objs/Basis1VariableFunction/Basis1VariableFunction.h,N/A,抽象基类/纯虚接口
1,High,Already exported in Python with full API coverage,InfixToPostfix,Math,base_infix_to_postfix_methods.csv,已转换,Y,4,0,0,0,4,100.00,isis/src/base/objs/InfixToPostfix/InfixToPostfix.h,isis_pybind_standalone/src/base/bind_base_math.cpp,
1,High,"Not exported yet, but the class looks small enough for a quick win",PvlSequence,Parsing,base_pvl_sequence_methods.csv,未转换,N,0,4,0,4,4,0.00,isis/src/base/objs/PvlSequence/PvlSequence.h,N/A,
1,High,"Not exported yet, but the class looks small enough for a quick win",LimitPolygonSeeder,Pattern Matching,base_limit_polygon_seeder_methods.csv,未转换,N,0,4,0,4,4,0.00,isis/src/base/objs/LimitPolygonSeeder/LimitPolygonSeeder.h,N/A,
1,High,"Not exported yet, but the class looks small enough for a quick win",StripPolygonSeeder,Pattern Matching,base_strip_polygon_seeder_methods.csv,未转换,N,0,4,0,4,4,0.00,isis/src/base/objs/StripPolygonSeeder/StripPolygonSeeder.h,N/A,
1,High,"Not exported yet, but the class looks small enough for a quick win",PushFrameCameraGroundMap,"Spice, Instruments, and Cameras",base_push_frame_camera_ground_map_methods.csv,未转换,N,0,4,0,4,4,0.00,isis/src/base/objs/PushFrameCameraGroundMap/PushFrameCameraGroundMap.h,N/A,
1,High,"Not exported yet, but the class looks small enough for a quick win",RadarSkyMap,"Spice, Instruments, and Cameras",base_radar_sky_map_methods.csv,未转换,N,0,4,0,4,4,0.00,isis/src/base/objs/RadarSkyMap/RadarSkyMap.h,N/A,
1,High,"Not exported yet, but the class looks small enough for a quick win",ReseauDistortionMap,"Spice, Instruments, and Cameras",base_reseau_distortion_map_methods.csv,未转换,N,0,4,0,4,4,0.00,isis/src/base/objs/ReseauDistortionMap/ReseauDistortionMap.h,N/A,相机模型/Spice 依赖
1,High,"Not exported yet, but the class looks small enough for a quick win",TgoCassisDistortionMap,Trace Gas Orbiter,tgo_tgo_cassis_distortion_map_methods.csv,已转换,Y,4,0,0,0,4,100.00,isis/src/tgo/objs/TgoCassisCamera/TgoCassisDistortionMap.h,isis_pybind_standalone/src/mission/bind_mission_cameras.cpp,"亦属 Spice, Instruments, and Cameras 相关类；相机模型/Spice 依赖"
1,High,"Not exported yet, but the class looks small enough for a quick win",LroWideAngleCameraFocalPlaneMap,Lunar Reconnaissance Orbiter,lro_lro_wide_angle_camera_focal_plane_map_methods.csv,未转换,N,0,4,0,4,4,0.00,isis/src/lro/objs/LroWideAngleCamera/LroWideAngleCameraFocalPlaneMap.h,N/A,"亦属 Spice, Instruments, and Cameras 相关类；相机模型/Spice 依赖"
1,High,"Not exported yet, but the class looks small enough for a quick win",NirsDetectorMap,Hayabusa,hayabusa_nirs_detector_map_methods.csv,已转换,Y,4,0,0,4,4,100.00,isis/src/hayabusa/objs/HayabusaNirsCamera/NirsDetectorMap.h,N/A,"2026-04-06 已暴露构造/set_exposure_duration/exposure_duration 并通过 focused 单测"
1,High,"Not exported yet, but the class looks small enough for a quick win",Hyb2OncDistortionMap,Hayabusa2,hayabusa2_hyb2_onc_distortion_map_methods.csv,已转换,Y,4,0,0,4,4,100.00,isis/src/hayabusa2/objs/Hyb2OncCamera/Hyb2OncDistortionMap.h,N/A,"2026-04-06 已暴露构造/set_focal_plane/set_undistorted_focal_plane 并通过 focused 单测"
1,High,"Not exported yet, but the class looks small enough for a quick win",DawnFcDistortionMap,Dawn,dawn_dawn_fc_distortion_map_methods.csv,未转换,N,0,4,0,4,4,0.00,isis/src/dawn/objs/DawnFcCamera/DawnFcDistortionMap.h,N/A,"亦属 Spice, Instruments, and Cameras 相关类；相机模型/Spice 依赖"
1,High,"Not exported yet, but the class looks small enough for a quick win",KaguyaTcCameraDistortionMap,Kaguya,kaguya_kaguya_tc_camera_distortion_map_methods.csv,未转换,N,0,4,0,4,4,0.00,isis/src/kaguya/objs/KaguyaTcCamera/KaguyaTcCameraDistortionMap.h,N/A,"亦属 Spice, Instruments, and Cameras 相关类；相机模型/Spice 依赖"
1,High,"Not exported yet, but the class looks small enough for a quick win",LroNarrowAngleCamera,Lunar Reconnaissance Orbiter,lro_lro_narrow_angle_camera_methods.csv,未转换,N,0,5,0,5,5,0.00,isis/src/lro/objs/LroNarrowAngleCamera/LroNarrowAngleCamera.h,N/A,"亦属 Spice, Instruments, and Cameras 相关类；相机模型/Spice 依赖"
1,High,"Not exported yet, but the class looks small enough for a quick win",LroNarrowAngleDistortionMap,Lunar Reconnaissance Orbiter,lro_lro_narrow_angle_distortion_map_methods.csv,未转换,N,0,5,0,5,5,0.00,isis/src/lro/objs/LroNarrowAngleCamera/LroNarrowAngleDistortionMap.h,N/A,"亦属 Spice, Instruments, and Cameras 相关类；相机模型/Spice 依赖"
1,High,"Not exported yet, but the class looks small enough for a quick win",OsirisRexDistortionMap,OSIRIS-REx,osirisrex_osiris_rex_distortion_map_methods.csv,未转换,N,0,5,0,5,5,0.00,isis/src/osirisrex/objs/OsirisRexOcamsCamera/OsirisRexDistortionMap.h,N/A,"亦属 Spice, Instruments, and Cameras 相关类；相机模型/Spice 依赖"
1,High,"Not exported yet, but the class looks small enough for a quick win",OsirisRexTagcamsDistortionMap,OSIRIS-REx,osirisrex_osiris_rex_tagcams_distortion_map_methods.csv,未转换,N,0,5,0,5,5,0.00,isis/src/osirisrex/objs/OsirisRexTagcamsCamera/OsirisRexTagcamsDistortionMap.h,N/A,"亦属 Spice, Instruments, and Cameras 相关类；相机模型/Spice 依赖"
1,High,"Not exported yet, but the class looks small enough for a quick win",DawnVirCamera,Dawn,dawn_dawn_vir_camera_methods.csv,未转换,N,0,5,0,5,5,0.00,isis/src/dawn/objs/DawnVirCamera/DawnVirCamera.h,N/A,"亦属 Spice, Instruments, and Cameras 相关类；相机模型/Spice 依赖"
1,High,"Not exported yet, but the class looks small enough for a quick win",KaguyaMiCamera,Kaguya,kaguya_kaguya_mi_camera_methods.csv,未转换,N,0,5,0,5,5,0.00,isis/src/kaguya/objs/KaguyaMiCamera/KaguyaMiCamera.h,N/A,"亦属 Spice, Instruments, and Cameras 相关类；相机模型/Spice 依赖"
1,High,"Not exported yet, but the class looks small enough for a quick win",KaguyaMiCameraDistortionMap,Kaguya,kaguya_kaguya_mi_camera_distortion_map_methods.csv,未转换,N,0,5,0,5,5,0.00,isis/src/kaguya/objs/KaguyaMiCamera/KaguyaMiCameraDistortionMap.h,N/A,"亦属 Spice, Instruments, and Cameras 相关类；相机模型/Spice 依赖"
1,High,"Not exported yet, but the class looks small enough for a quick win",KaguyaTcCamera,Kaguya,kaguya_kaguya_tc_camera_methods.csv,未转换,N,0,5,0,5,5,0.00,isis/src/kaguya/objs/KaguyaTcCamera/KaguyaTcCamera.h,N/A,"亦属 Spice, Instruments, and Cameras 相关类；相机模型/Spice 依赖"
1,High,Already exported in Python with a small remaining API gap,FileName,Parsing,base_file_name_methods.csv,已转换,Y,22,5,0,5,27,81.48,isis/src/base/objs/FileName/FileName.h,isis_pybind_standalone/src/base/bind_base_support.cpp,
1,High,Already exported in Python with full API coverage,MexHrscSrcCamera,Mars Express,mex_mex_hrsc_src_camera_methods.csv,已转换,Y,6,0,0,0,6,100.00,isis/src/mex/objs/MexHrscSrcCamera/MexHrscSrcCamera.h,isis_pybind_standalone/src/mission/bind_mission_cameras.cpp,"2026-04-06 已补 direct Cube 构造、快门时序与 CK/SPK ID 方法；亦属 Spice, Instruments, and Cameras 相关类；相机模型/Spice 依赖"
1,High,Already exported in Python with a small remaining API gap,MsiCamera,Near Earth Asteroid Rendezvous - Shoemaker,near_msi_camera_methods.csv,已转换,Y,1,5,0,5,6,16.67,isis/src/near/objs/MsiCamera/MsiCamera.h,isis_pybind_standalone/src/mission/bind_mission_cameras.cpp,"亦属 Spice, Instruments, and Cameras 相关类；相机模型/Spice 依赖"
1,High,Already exported in Python with a small remaining API gap,CameraSkyMap,"Spice, Instruments, and Cameras",base_camera_sky_map_methods.csv,已转换,Y,1,5,0,5,6,16.67,isis/src/base/objs/CameraSkyMap/CameraSkyMap.h,N/A,第六批已补基础单测（相机派生天球几何）
1,High,"Not exported yet, but the class looks small enough for a quick win",BundleAdjust,Control Networks,control_bundle_adjust_methods.csv,未转换,N,0,5,0,5,5,0.00,isis/src/control/objs/BundleAdjust/BundleAdjust.h,N/A,Qt 类型/信号槽较多
1,High,"Not exported yet, but the class looks small enough for a quick win",Transform,Geometry,base_transform_methods.csv,未转换,N,0,5,0,5,5,0.00,isis/src/base/objs/Transform/Transform.h,N/A,
1,High,"Not exported yet, but the class looks small enough for a quick win",JP2Importer,High Level Cube I/O,base_jp2_importer_methods.csv,未转换,N,0,5,0,5,5,0.00,isis/src/base/objs/JP2Importer/JP2Importer.h,N/A,
1,High,"Not exported yet, but the class looks small enough for a quick win",QtImporter,High Level Cube I/O,base_qt_importer_methods.csv,未转换,N,0,5,0,5,5,0.00,isis/src/base/objs/QtImporter/QtImporter.h,N/A,
1,High,"Not exported yet, but the class looks small enough for a quick win",StreamExporter,High Level Cube I/O,base_stream_exporter_methods.csv,未转换,N,0,5,0,5,5,0.00,isis/src/base/objs/StreamExporter/StreamExporter.h,N/A,抽象基类/纯虚接口
1,High,"Not exported yet, but the class looks small enough for a quick win",MarciDistortionMap,Mars Reconnaissance Orbiter,mro_marci_distortion_map_methods.csv,未转换,N,0,5,0,5,5,0.00,isis/src/mro/objs/MarciCamera/MarciDistortionMap.h,N/A,"亦属 Spice, Instruments, and Cameras 相关类；相机模型/Spice 依赖"
1,High,"Not exported yet, but the class looks small enough for a quick win",ZeroReverse,Mars Reconnaissance Orbiter,mro_zero_reverse_methods.csv,未转换,N,0,5,0,5,5,0.00,isis/src/mro/objs/HiCal/ZeroReverse.h,N/A,抽象基类/纯虚接口
1,High,"Not exported yet, but the class looks small enough for a quick win",CubeCalculator,Math,base_cube_calculator_methods.csv,未转换,N,0,5,0,5,5,0.00,isis/src/base/objs/CubeCalculator/CubeCalculator.h,N/A,
1,High,"Not exported yet, but the class looks small enough for a quick win",PolynomialUnivariate,Math,base_polynomial_univariate_methods.csv,未转换,N,0,5,0,5,5,0.00,isis/src/base/objs/PolynomialUnivariate/PolynomialUnivariate.h,N/A,
1,High,"Not exported yet, but the class looks small enough for a quick win",LabelTranslationManager,Parsing,base_label_translation_manager_methods.csv,未转换,N,0,5,0,5,5,0.00,isis/src/base/objs/LabelTranslationManager/LabelTranslationManager.h,N/A,抽象基类/纯虚接口
1,High,"Not exported yet, but the class looks small enough for a quick win",PvlTokenizer,Parsing,base_pvl_tokenizer_methods.csv,未转换,N,0,5,0,5,5,0.00,isis/src/base/objs/PvlTokenizer/PvlTokenizer.h,N/A,
1,High,"Not exported yet, but the class looks small enough for a quick win",XmlToPvlTranslationManager,Parsing,base_xml_to_pvl_translation_manager_methods.csv,未转换,N,0,5,0,5,5,0.00,isis/src/base/objs/XmlToPvlTranslationManager/XmlToPvlTranslationManager.h,N/A,
1,High,"Not exported yet, but the class looks small enough for a quick win",GridPolygonSeeder,Pattern Matching,base_grid_polygon_seeder_methods.csv,未转换,N,0,5,0,5,5,0.00,isis/src/base/objs/GridPolygonSeeder/GridPolygonSeeder.h,N/A,
1,High,"Not exported yet, but the class looks small enough for a quick win",ExportPdsTable,Utility,base_export_pds_table_methods.csv,未转换,N,0,5,0,5,5,0.00,isis/src/base/objs/ExportPdsTable/ExportPdsTable.h,N/A,
1,High,Already exported in Python with a small remaining API gap,ProcessByLine,High Level Cube I/O,base_process_by_line_methods.csv,已转换,Y,8,6,0,6,14,57.14,isis/src/base/objs/ProcessByLine/ProcessByLine.h,isis_pybind_standalone/src/bind_high_level_cube_io.cpp,抽象基类/纯虚接口；流程/回调接口较多
1,High,Already exported in Python with a small remaining API gap,TableRecord,Low Level Cube I/O,base_table_record_methods.csv,已转换,Y,2,6,0,6,8,25.00,isis/src/base/objs/TableRecord/TableRecord.h,isis_pybind_standalone/src/bind_low_level_cube_io.cpp,需注意内存生命周期与数据视图映射
1,High,Already exported in Python with a small remaining API gap,LunarAzimuthalEqualArea,Map Projection,base_lunar_azimuthal_equal_area_methods.csv,已转换,Y,2,6,0,6,8,25.00,isis/src/base/objs/LunarAzimuthalEqualArea/LunarAzimuthalEqualArea.h,isis_pybind_standalone/src/base/bind_base_projection_types.cpp,
1,High,Already exported in Python with a small remaining API gap,CrismCamera,Mars Reconnaissance Orbiter,mro_crism_camera_methods.csv,已转换,Y,1,6,0,6,7,14.29,isis/src/mro/objs/CrismCamera/CrismCamera.h,isis_pybind_standalone/src/mission/bind_mission_cameras.cpp,"亦属 Spice, Instruments, and Cameras 相关类；相机模型/Spice 依赖"
1,High,Already exported in Python with a small remaining API gap,MarciCamera,Mars Reconnaissance Orbiter,mro_marci_camera_methods.csv,已转换,Y,1,6,0,6,7,14.29,isis/src/mro/objs/MarciCamera/MarciCamera.h,isis_pybind_standalone/src/mission/bind_mission_cameras.cpp,"亦属 Spice, Instruments, and Cameras 相关类；相机模型/Spice 依赖"
1,High,Already exported in Python with a small remaining API gap,MdisCamera,Messenger,isis_mdis_camera_methods.csv,已转换,Y,1,6,0,6,7,14.29,isis/src/messenger/objs/MdisCamera/MdisCamera.h,isis_pybind_standalone/src/mission/bind_mission_cameras.cpp,第五批已补单测（CameraFactory/层级分派/局部前反投/失败路径）；相机模型/Spice 依赖
1,High,Already exported in Python with a small remaining API gap,TgoCassisCamera,Trace Gas Orbiter,tgo_tgo_cassis_camera_methods.csv,已转换,Y,7,0,0,0,7,100.00,isis/src/tgo/objs/TgoCassisCamera/TgoCassisCamera.h,isis_pybind_standalone/src/mission/bind_mission_cameras.cpp,"亦属 Spice, Instruments, and Cameras 相关类；相机模型/Spice 依赖"
1,High,Already exported in Python with a small remaining API gap,ObservationNumber,Control Networks,base_observation_number_methods.csv,已转换,Y,6,0,0,0,6,100.00,isis/src/base/objs/ObservationNumber/ObservationNumber.h,isis_pybind_standalone/src/base/bind_base_support.cpp,
1,High,Already exported in Python with a small remaining API gap,SerialNumber,Control Networks,base_serial_number_methods.csv,已转换,Y,6,0,0,0,6,100.00,isis/src/base/objs/SerialNumber/SerialNumber.h,isis_pybind_standalone/src/base/bind_base_support.cpp,
1,High,"Not exported yet, but the class looks small enough for a quick win",JP2Encoder,High Level Cube I/O,base_jp2_encoder_methods.csv,未转换,N,0,6,0,6,6,0.00,isis/src/base/objs/JP2Encoder/JP2Encoder.h,N/A,
1,High,"Not exported yet, but the class looks small enough for a quick win",TiffImporter,High Level Cube I/O,base_tiff_importer_methods.csv,未转换,N,0,6,0,6,6,0.00,isis/src/base/objs/TiffImporter/TiffImporter.h,N/A,
1,High,"Not exported yet, but the class looks small enough for a quick win",OriginalXmlLabel,Low Level Cube I/O,base_original_xml_label_methods.csv,未转换,N,0,6,0,6,6,0.00,isis/src/base/objs/OriginalXmlLabel/OriginalXmlLabel.h,N/A,
1,High,"Not exported yet, but the class looks small enough for a quick win",MiniRF,Lunar Reconnaissance Orbiter,lro_mini_rf_methods.csv,未转换,N,0,6,0,6,6,0.00,isis/src/lro/objs/MiniRF/MiniRF.h,N/A,"亦属 Spice, Instruments, and Cameras 相关类；相机模型/Spice 依赖"
1,High,"Not exported yet, but the class looks small enough for a quick win",HayabusaAmicaCamera,Hayabusa,hayabusa_hayabusa_amica_camera_methods.csv,已转换,Y,6,0,0,6,6,100.00,isis/src/hayabusa/objs/HayabusaAmicaCamera/HayabusaAmicaCamera.h,N/A,"2026-04-06 已暴露构造/快门时间/SPICE ID，并通过 focused 单测与 smoke 验证"
1,High,"Not exported yet, but the class looks small enough for a quick win",Hyb2OncCamera,Hayabusa2,hayabusa2_hyb2_onc_camera_methods.csv,已转换,Y,6,0,0,6,6,100.00,isis/src/hayabusa2/objs/Hyb2OncCamera/Hyb2OncCamera.h,N/A,"2026-04-06 已暴露构造/快门时间/SPICE ID，并通过 focused 单测；真实 ONC fixture 待补"
1,High,"Not exported yet, but the class looks small enough for a quick win",OsirisRexOcamsCamera,OSIRIS-REx,osirisrex_osiris_rex_ocams_camera_methods.csv,未转换,N,0,6,0,6,6,0.00,isis/src/osirisrex/objs/OsirisRexOcamsCamera/OsirisRexOcamsCamera.h,N/A,"亦属 Spice, Instruments, and Cameras 相关类；相机模型/Spice 依赖"
1,High,"Not exported yet, but the class looks small enough for a quick win",OsirisRexTagcamsCamera,OSIRIS-REx,osirisrex_osiris_rex_tagcams_camera_methods.csv,未转换,N,0,6,0,6,6,0.00,isis/src/osirisrex/objs/OsirisRexTagcamsCamera/OsirisRexTagcamsCamera.h,N/A,"亦属 Spice, Instruments, and Cameras 相关类；相机模型/Spice 依赖"
1,High,"Not exported yet, but the class looks small enough for a quick win",DawnFcCamera,Dawn,dawn_dawn_fc_camera_methods.csv,未转换,N,0,6,0,6,6,0.00,isis/src/dawn/objs/DawnFcCamera/DawnFcCamera.h,N/A,"亦属 Spice, Instruments, and Cameras 相关类；相机模型/Spice 依赖"
1,High,"Not exported yet, but the class looks small enough for a quick win",HiLineTimeEqn,Mars Reconnaissance Orbiter,mro_hi_line_time_eqn_methods.csv,未转换,N,0,6,0,6,6,0.00,isis/src/mro/objs/HiCal/HiCalUtil.h,N/A,抽象基类/纯虚接口
1,High,"Not exported yet, but the class looks small enough for a quick win",FileList,Parsing,base_file_list_methods.csv,未转换,N,0,6,0,6,6,0.00,isis/src/base/objs/FileList/FileList.h,N/A,
1,High,"Not exported yet, but the class looks small enough for a quick win",PvlFormatPds,Parsing,base_pvl_format_pds_methods.csv,未转换,N,0,6,0,6,6,0.00,isis/src/base/objs/PvlFormatPds/PvlFormatPds.h,N/A,
1,High,"Not exported yet, but the class looks small enough for a quick win",RadarSlantRangeMap,"Spice, Instruments, and Cameras",base_radar_slant_range_map_methods.csv,未转换,N,0,6,0,6,6,0.00,isis/src/base/objs/RadarSlantRangeMap/RadarSlantRangeMap.h,N/A,
1,High,"Not exported yet, but the class looks small enough for a quick win",BundleImage,Control Networks,control_bundle_image_methods.csv,未转换,N,0,7,0,7,7,0.00,isis/src/control/objs/BundleUtilities/BundleImage.h,N/A,Qt 类型/信号槽较多
1,High,"Not exported yet, but the class looks small enough for a quick win",BundleLidarPointVector,Control Networks,control_bundle_lidar_point_vector_methods.csv,未转换,N,0,7,0,7,7,0.00,isis/src/control/objs/BundleUtilities/BundleLidarPointVector.h,N/A,
1,High,"Not exported yet, but the class looks small enough for a quick win",ControlPointList,Control Networks,control_control_point_list_methods.csv,未转换,N,0,7,0,7,7,0.00,isis/src/control/objs/ControlPointList/ControlPointList.h,N/A,
1,High,"Not exported yet, but the class looks small enough for a quick win",Enlarge,Geometry,base_enlarge_methods.csv,未转换,N,0,7,0,7,7,0.00,isis/src/base/objs/Enlarge/Enlarge.h,N/A,
1,High,"Not exported yet, but the class looks small enough for a quick win",QtExporter,High Level Cube I/O,base_qt_exporter_methods.csv,未转换,N,0,7,0,7,7,0.00,isis/src/base/objs/QtExporter/QtExporter.h,N/A,
1,High,"Not exported yet, but the class looks small enough for a quick win",CubeCachingAlgorithm,Low Level Cube I/O,base_cube_caching_algorithm_methods.csv,未转换,N,0,7,0,7,7,0.00,isis/src/base/objs/CubeCachingAlgorithm/CubeCachingAlgorithm.h,N/A,抽象基类/纯虚接口
1,High,"Not exported yet, but the class looks small enough for a quick win",HiLab,Mars Reconnaissance Orbiter,mro_hi_lab_methods.csv,未转换,N,0,7,0,7,7,0.00,isis/src/mro/objs/HiLab/HiLab.h,N/A,
1,High,"Not exported yet, but the class looks small enough for a quick win",NumericalAtmosApprox,Math,base_numerical_atmos_approx_methods.csv,未转换,N,0,7,0,7,7,0.00,isis/src/base/objs/AtmosModel/NumericalAtmosApprox.h,N/A,
1,High,"Not exported yet, but the class looks small enough for a quick win",RollingShutterCameraDetectorMap,"Spice, Instruments, and Cameras",base_rolling_shutter_camera_detector_map_methods.csv,未转换,N,0,7,0,7,7,0.00,isis/src/base/objs/RollingShutterCameraDetectorMap/RollingShutterCameraDetectorMap.h,N/A,
1,High,"Not exported yet, but the class looks small enough for a quick win",SpacecraftPosition,"Spice, Instruments, and Cameras",base_spacecraft_position_methods.csv,未转换,N,0,7,0,7,7,0.00,isis/src/base/objs/Spice/SpacecraftPosition.h,N/A,
1,High,"Not exported yet, but the class looks small enough for a quick win",VariableLineScanCameraDetectorMap,"Spice, Instruments, and Cameras",base_variable_line_scan_camera_detector_map_methods.csv,未转换,N,0,7,0,7,7,0.00,isis/src/base/objs/VariableLineScanCameraDetectorMap/VariableLineScanCameraDetectorMap.h,N/A,
1,High,Already exported in Python with a small remaining API gap,Displacement,Utility,base_displacement_methods.csv,已转换,Y,2,8,0,8,10,20.00,isis/src/base/objs/Displacement/Displacement.h,isis_pybind_standalone/src/base/bind_base_geometry.cpp,
1,High,"Not exported yet, but the class looks small enough for a quick win",BundleObservationVector,Control Networks,control_bundle_observation_vector_methods.csv,未转换,N,0,8,0,8,8,0.00,isis/src/control/objs/BundleUtilities/BundleObservationVector.h,N/A,
1,High,"Not exported yet, but the class looks small enough for a quick win",LowPassFilter,Mars Reconnaissance Orbiter,mro_low_pass_filter_methods.csv,未转换,N,0,8,0,8,8,0.00,isis/src/mro/objs/HiCal/LowPassFilter.h,N/A,抽象基类/纯虚接口
1,High,"Not exported yet, but the class looks small enough for a quick win",SplineFill,Mars Reconnaissance Orbiter,mro_spline_fill_methods.csv,未转换,N,0,8,0,8,8,0.00,isis/src/mro/objs/HiCal/SplineFill.h,N/A,抽象基类/纯虚接口
1,High,"Not exported yet, but the class looks small enough for a quick win",SurfaceModel,Math,base_surface_model_methods.csv,未转换,N,0,8,0,8,8,0.00,isis/src/base/objs/SurfaceModel/SurfaceModel.h,N/A,
1,High,"Not exported yet, but the class looks small enough for a quick win",PvlToPvlTranslationManager,Parsing,base_pvl_to_pvl_translation_manager_methods.csv,未转换,N,0,8,0,8,8,0.00,isis/src/base/objs/PvlToPvlTranslationManager/PvlToPvlTranslationManager.h,N/A,
1,High,"Not exported yet, but the class looks small enough for a quick win",PvlTranslationTable,Parsing,base_pvl_translation_table_methods.csv,未转换,N,0,8,0,8,8,0.00,isis/src/base/objs/PvlTranslationTable/PvlTranslationTable.h,N/A,
1,High,"Not exported yet, but the class looks small enough for a quick win",PolygonSeeder,Pattern Matching,base_polygon_seeder_methods.csv,未转换,N,0,8,0,8,8,0.00,isis/src/base/objs/PolygonSeeder/PolygonSeeder.h,N/A,抽象基类/纯虚接口
1,High,"Not exported yet, but the class looks small enough for a quick win",Quaternion,"Spice, Instruments, and Cameras",base_quaternion_methods.csv,未转换,N,0,8,0,8,8,0.00,isis/src/base/objs/Quaternion/Quaternion.h,N/A,
1,High,"Not exported yet, but the class looks small enough for a quick win",RadarPulseMap,"Spice, Instruments, and Cameras",base_radar_pulse_map_methods.csv,未转换,N,0,8,0,8,8,0.00,isis/src/base/objs/RadarPulseMap/RadarPulseMap.h,N/A,
1,High,"Not exported yet, but the class looks small enough for a quick win",FourierTransform,Statistics,base_fourier_transform_methods.csv,未转换,N,0,8,0,8,8,0.00,isis/src/base/objs/FourierTransform/FourierTransform.h,N/A,
1,High,"Not exported yet, but the class looks small enough for a quick win",PrincipalComponentAnalysis,Statistics,base_principal_component_analysis_methods.csv,未转换,N,0,8,0,8,8,0.00,isis/src/base/objs/PrincipalComponentAnalysis/PrincipalComponentAnalysis.h,N/A,
1,High,Already exported in Python with a small remaining API gap,ProcessByTile,High Level Cube I/O,base_process_by_tile_methods.csv,已转换,Y,5,9,0,9,14,35.71,isis/src/base/objs/ProcessByTile/ProcessByTile.h,isis_pybind_standalone/src/bind_high_level_cube_io.cpp,流程/回调接口较多
1,High,Already exported in Python with a small remaining API gap,ProcessBySample,High Level Cube I/O,base_process_by_sample_methods.csv,已转换,Y,4,9,0,9,13,30.77,isis/src/base/objs/ProcessBySample/ProcessBySample.h,isis_pybind_standalone/src/bind_high_level_cube_io.cpp,流程/回调接口较多
1,High,Already exported in Python with a small remaining API gap,Pvl,Parsing,base_pvl_methods.csv,已转换,Y,2,9,0,9,11,18.18,isis/src/base/objs/Pvl/Pvl.h,isis_pybind_standalone/src/base/bind_base_pvl.cpp,
1,High,Already exported in Python with a small remaining API gap,LineScanCameraDetectorMap,"Spice, Instruments, and Cameras",base_line_scan_camera_detector_map_methods.csv,已转换,Y,1,9,0,9,10,10.00,isis/src/base/objs/LineScanCameraDetectorMap/LineScanCameraDetectorMap.h,N/A,第七批已补基础单测（独立构造/时间参数）
1,High,"Not exported yet, but the class looks small enough for a quick win",Interpolator,Geometry,base_interpolator_methods.csv,未转换,N,0,9,0,9,9,0.00,isis/src/base/objs/Interpolator/Interpolator.h,N/A,
1,High,"Not exported yet, but the class looks small enough for a quick win",LoadCSV,Mars Reconnaissance Orbiter,mro_load_csv_methods.csv,未转换,N,0,9,0,9,9,0.00,isis/src/mro/objs/HiCal/LoadCSV.h,N/A,
1,High,"Not exported yet, but the class looks small enough for a quick win",ImageOverlapSet,Pattern Matching,base_image_overlap_set_methods.csv,未转换,N,0,9,0,9,9,0.00,isis/src/base/objs/ImageOverlapSet/ImageOverlapSet.h,N/A,
1,High,"Not exported yet, but the class looks small enough for a quick win",PushFrameCameraCcdLayout,"Spice, Instruments, and Cameras",base_push_frame_camera_ccd_layout_methods.csv,未转换,N,0,9,0,9,9,0.00,isis/src/base/objs/PushFrameCameraCcdLayout/PushFrameCameraCcdLayout.h,N/A,
1,High,"Not exported yet, but the class looks small enough for a quick win",CubeStretch,Utility,base_cube_stretch_methods.csv,未转换,N,0,9,0,9,9,0.00,isis/src/base/objs/CubeStretch/CubeStretch.h,N/A,
1,High,"Not exported yet, but the class looks small enough for a quick win",LineEquation,Utility,base_line_equation_methods.csv,未转换,N,0,9,0,9,9,0.00,isis/src/base/objs/LineEquation/LineEquation.h,N/A,
1,High,"Not exported yet, but the class looks small enough for a quick win",LroWideAngleCamera,Lunar Reconnaissance Orbiter,lro_lro_wide_angle_camera_methods.csv,未转换,N,0,7,0,7,7,0.00,isis/src/lro/objs/LroWideAngleCamera/LroWideAngleCamera.h,N/A,"亦属 Spice, Instruments, and Cameras 相关类；相机模型/Spice 依赖"
1,High,"Not exported yet, but the class looks small enough for a quick win",HayabusaNirsCamera,Hayabusa,hayabusa_hayabusa_nirs_camera_methods.csv,已转换,Y,7,0,0,7,7,100.00,isis/src/hayabusa/objs/HayabusaNirsCamera/HayabusaNirsCamera.h,N/A,"2026-04-06 已暴露构造/快门时间/SPICE ID，并将 PixelIfovOffsets 适配为 Python list[tuple]"
1,High,Already exported in Python with a small remaining API gap,ControlMeasureLogData,Control Networks,control_control_measure_log_data_methods.csv,已转换,Y,2,10,0,10,12,16.67,isis/src/control/objs/ControlMeasureLogData/ControlMeasureLogData.h,isis_pybind_standalone/src/control/bind_control_core.cpp,Qt 类型/信号槽较多；控制网对象关联紧密，需处理拷贝/引用语义
1,High,Already exported in Python with a small remaining API gap,Longitude,Utility,base_longitude_methods.csv,已转换,Y,2,10,0,10,12,16.67,isis/src/base/objs/Longitude/Longitude.h,isis_pybind_standalone/src/base/bind_base_geometry.cpp,
1,High,Already exported in Python with a small remaining API gap,ProjectionFactory,Map Projection,base_projection_factory_methods.csv,已转换,Y,1,10,0,10,11,9.09,isis/src/base/objs/ProjectionFactory/ProjectionFactory.h,isis_pybind_standalone/src/base/bind_base_projection.cpp,工厂类，静态创建接口较多；基础单测已补
1,High,Already exported in Python with a small remaining API gap,SimpleCylindrical,Map Projection,base_simple_cylindrical_methods.csv,已转换,Y,1,10,0,10,11,9.09,isis/src/base/objs/SimpleCylindrical/SimpleCylindrical.h,N/A,第四批已补单测（构造/坐标互转/mapping 导出）
1,High,"Not exported yet, but the class looks small enough for a quick win",ProcessPolygons,High Level Cube I/O,base_process_polygons_methods.csv,未转换,N,0,10,0,10,10,0.00,isis/src/base/objs/ProcessPolygons/ProcessPolygons.h,N/A,流程/回调接口较多
1,High,"Not exported yet, but the class looks small enough for a quick win",Robinson,Map Projection,base_robinson_methods.csv,未转换,N,0,10,0,10,10,0.00,isis/src/base/objs/Robinson/Robinson.h,N/A,
1,High,"Not exported yet, but the class looks small enough for a quick win",Sinusoidal,Map Projection,base_sinusoidal_methods.csv,未转换,N,0,10,0,10,10,0.00,isis/src/base/objs/Sinusoidal/Sinusoidal.h,N/A,
1,High,"Not exported yet, but the class looks small enough for a quick win",TransverseMercator,Map Projection,base_transverse_mercator_methods.csv,未转换,N,0,10,0,10,10,0.00,isis/src/base/objs/TransverseMercator/TransverseMercator.h,N/A,
1,High,"Not exported yet, but the class looks small enough for a quick win",UpturnedEllipsoidTransverseAzimuthal,Map Projection,base_upturned_ellipsoid_transverse_azimuthal_methods.csv,未转换,N,0,10,0,10,10,0.00,isis/src/base/objs/UpturnedEllipsoidTransverseAzimuthal/UpturnedEllipsoidTransverseAzimuthal.h,N/A,
1,High,"Not exported yet, but the class looks small enough for a quick win",BundleLidarRangeConstraint,Control Networks,control_bundle_lidar_range_constraint_methods.csv,未转换,N,0,11,0,11,11,0.00,isis/src/control/objs/BundleUtilities/BundleLidarRangeConstraint.h,N/A,
1,High,"Not exported yet, but the class looks small enough for a quick win",ImageOverlap,Control Networks,base_image_overlap_methods.csv,未转换,N,0,11,0,11,11,0.00,isis/src/base/objs/ImageOverlap/ImageOverlap.h,N/A,
1,High,"Not exported yet, but the class looks small enough for a quick win",MeasureValidationResults,Control Networks,control_measure_validation_results_methods.csv,未转换,N,0,11,0,11,11,0.00,isis/src/control/objs/ControlNetValidMeasure/MeasureValidationResults.h,N/A,
1,High,"Not exported yet, but the class looks small enough for a quick win",LambertConformal,Map Projection,base_lambert_conformal_methods.csv,未转换,N,0,11,0,11,11,0.00,isis/src/base/objs/LambertConformal/LambertConformal.h,N/A,
1,High,"Not exported yet, but the class looks small enough for a quick win",Mollweide,Map Projection,base_mollweide_methods.csv,未转换,N,0,11,0,11,11,0.00,isis/src/base/objs/Mollweide/Mollweide.h,N/A,
1,High,"Not exported yet, but the class looks small enough for a quick win",Orthographic,Map Projection,base_orthographic_methods.csv,未转换,N,0,11,0,11,11,0.00,isis/src/base/objs/Orthographic/Orthographic.h,N/A,
1,High,"Not exported yet, but the class looks small enough for a quick win",PointPerspective,Map Projection,base_point_perspective_methods.csv,未转换,N,0,11,0,11,11,0.00,isis/src/base/objs/PointPerspective/PointPerspective.h,N/A,
1,High,"Not exported yet, but the class looks small enough for a quick win",PolarStereographic,Map Projection,base_polar_stereographic_methods.csv,未转换,N,0,11,0,11,11,0.00,isis/src/base/objs/PolarStereographic/PolarStereographic.h,N/A,
1,High,"Not exported yet, but the class looks small enough for a quick win",HiHistory,Mars Reconnaissance Orbiter,mro_hi_history_methods.csv,未转换,N,0,11,0,11,11,0.00,isis/src/mro/objs/HiCal/HiCalTypes.h,N/A,抽象基类/纯虚接口
1,High,Already exported in Python with inventory fully synchronized,BasisFunction,Math,base_basis_function_methods.csv,已转换,Y,11,0,0,0,11,100.00,isis/src/base/objs/BasisFunction/BasisFunction.h,isis_pybind_standalone/src/base/bind_base_math.cpp,2026-03-25 已在 bind_base_math.cpp 暴露三参构造/系数/求值接口
1,High,"Not exported yet, but the class looks small enough for a quick win",PvlToken,Parsing,base_pvl_token_methods.csv,未转换,N,0,11,0,11,11,0.00,isis/src/base/objs/PvlToken/PvlToken.h,N/A,
1,High,"Not exported yet, but the class looks small enough for a quick win",PvlToXmlTranslationManager,Parsing,base_pvl_to_xml_translation_manager_methods.csv,未转换,N,0,11,0,11,11,0.00,isis/src/base/objs/PvlToXmlTranslationManager/PvlToXmlTranslationManager.h,N/A,
1,High,"Not exported yet, but the class looks small enough for a quick win",EndianSwapper,Utility,base_endian_swapper_methods.csv,未转换,N,0,11,0,11,11,0.00,isis/src/base/objs/EndianSwapper/EndianSwapper.h,N/A,
1,High,"Not exported yet, but the class looks small enough for a quick win",BundleLidarControlPoint,Control Networks,control_bundle_lidar_control_point_methods.csv,未转换,N,0,12,0,12,12,0.00,isis/src/control/objs/BundleUtilities/BundleLidarControlPoint.h,N/A,
1,High,"Not exported yet, but the class looks small enough for a quick win",ControlNetVersioner,Control Networks,control_control_net_versioner_methods.csv,未转换,N,0,12,0,12,12,0.00,isis/src/control/objs/ControlNetVersioner/ControlNetVersioner.h,N/A,
1,High,"Not exported yet, but the class looks small enough for a quick win",LidarControlPoint,Control Networks,control_lidar_control_point_methods.csv,未转换,N,0,12,0,12,12,0.00,isis/src/control/objs/LidarControlPoint/LidarControlPoint.h,N/A,
1,High,"Not exported yet, but the class looks small enough for a quick win",JP2Decoder,High Level Cube I/O,base_jp2_decoder_methods.csv,未转换,N,0,12,0,12,12,0.00,isis/src/base/objs/JP2Decoder/JP2Decoder.h,N/A,
1,High,"Not exported yet, but the class looks small enough for a quick win",CubeIoHandler,Low Level Cube I/O,base_cube_io_handler_methods.csv,未转换,N,0,12,0,12,12,0.00,isis/src/base/objs/Cube/CubeIoHandler.h,N/A,抽象基类/纯虚接口
1,High,"Not exported yet, but the class looks small enough for a quick win",Equirectangular,Map Projection,base_equirectangular_methods.csv,未转换,N,0,12,0,12,12,0.00,isis/src/base/objs/Equirectangular/Equirectangular.h,N/A,
1,High,"Not exported yet, but the class looks small enough for a quick win",Mercator,Map Projection,base_mercator_methods.csv,未转换,N,0,12,0,12,12,0.00,isis/src/base/objs/Mercator/Mercator.h,N/A,
1,High,"Not exported yet, but the class looks small enough for a quick win",PvlFormat,Parsing,base_pvl_format_methods.csv,未转换,N,0,12,0,12,12,0.00,isis/src/base/objs/PvlFormat/PvlFormat.h,N/A,
1,High,"Not exported yet, but the class looks small enough for a quick win",Gruen,Pattern Matching,base_gruen_methods.csv,未转换,N,0,12,0,12,12,0.00,isis/src/base/objs/Gruen/Gruen.h,N/A,
2,Medium,"Already exported in Python, but still has a moderate API gap",TableField,Low Level Cube I/O,base_table_field_methods.csv,已转换,Y,2,11,0,11,13,15.38,isis/src/base/objs/TableField/TableField.h,isis_pybind_standalone/src/bind_low_level_cube_io.cpp,需注意内存生命周期与数据视图映射
2,Medium,"Already exported in Python, but still has a moderate API gap",Distance,Utility,base_distance_methods.csv,已转换,Y,2,11,0,11,13,15.38,isis/src/base/objs/Distance/Distance.h,isis_pybind_standalone/src/base/bind_base_geometry.cpp,
2,Medium,"Already exported in Python, but still has a moderate API gap",Latitude,Utility,base_latitude_methods.csv,已转换,Y,2,11,0,11,13,15.38,isis/src/base/objs/Latitude/Latitude.h,isis_pybind_standalone/src/base/bind_base_geometry.cpp,
2,Medium,"Already exported in Python, but still has a moderate API gap",CameraDistortionMap,"Spice, Instruments, and Cameras",base_camera_distortion_map_methods.csv,已转换,Y,1,11,0,11,12,8.33,isis/src/base/objs/CameraDistortionMap/CameraDistortionMap.h,N/A,第七批已补基础单测（局部畸变正反变换）
2,Medium,"Already exported in Python, but still has a moderate API gap",IdealCamera,"Spice, Instruments, and Cameras",base_ideal_camera_methods.csv,已转换,Y,1,11,0,11,12,8.33,isis/src/base/objs/IdealCamera/IdealCamera.h,isis_pybind_standalone/src/bind_camera_hierarchy.cpp,相机模型/Spice 依赖
2,Medium,"Already exported in Python, but still has a moderate API gap",ProcessBySpectra,High Level Cube I/O,base_process_by_spectra_methods.csv,已转换,Y,2,13,0,13,15,13.33,isis/src/base/objs/ProcessBySpectra/ProcessBySpectra.h,isis_pybind_standalone/src/bind_high_level_cube_io.cpp,抽象基类/纯虚接口；流程/回调接口较多
2,Medium,"Already exported in Python, but still has a moderate API gap",RingCylindrical,Map Projection,base_ring_cylindrical_methods.csv,已转换,Y,1,13,0,13,14,7.14,isis/src/base/objs/RingCylindrical/RingCylindrical.h,N/A,第四批已补单测（构造/坐标互转/范围导出）
2,Medium,Not exported yet and has a moderate public API size,ImageExporter,High Level Cube I/O,base_image_exporter_methods.csv,未转换,N,0,13,0,13,13,0.00,isis/src/base/objs/ImageExporter/ImageExporter.h,N/A,抽象基类/纯虚接口
2,Medium,Not exported yet and has a moderate public API size,ProcessGroundPolygons,High Level Cube I/O,base_process_ground_polygons_methods.csv,未转换,N,0,13,0,13,13,0.00,isis/src/base/objs/ProcessGroundPolygons/ProcessGroundPolygons.h,N/A,流程/回调接口较多
2,Medium,Not exported yet and has a moderate public API size,LambertAzimuthalEqualArea,Map Projection,base_lambert_azimuthal_equal_area_methods.csv,未转换,N,0,13,0,13,13,0.00,isis/src/base/objs/LambertAzimuthalEqualArea/LambertAzimuthalEqualArea.h,N/A,
2,Medium,Not exported yet and has a moderate public API size,ObliqueCylindrical,Map Projection,base_oblique_cylindrical_methods.csv,未转换,N,0,13,0,13,13,0.00,isis/src/base/objs/ObliqueCylindrical/ObliqueCylindrical.h,N/A,
2,Medium,Not exported yet and has a moderate public API size,Planar,Map Projection,base_planar_methods.csv,未转换,N,0,13,0,13,13,0.00,isis/src/base/objs/Planar/Planar.h,N/A,
2,Medium,Not exported yet and has a moderate public API size,RadarGroundMap,"Spice, Instruments, and Cameras",base_radar_ground_map_methods.csv,未转换,N,0,13,0,13,13,0.00,isis/src/base/objs/RadarGroundMap/RadarGroundMap.h,N/A,
2,Medium,Not exported yet and has a moderate public API size,ProcessMapMosaic,High Level Cube I/O,base_process_map_mosaic_methods.csv,未转换,N,0,14,0,14,14,0.00,isis/src/base/objs/ProcessMapMosaic/ProcessMapMosaic.h,N/A,流程/回调接口较多
2,Medium,Not exported yet and has a moderate public API size,Blobber,Low Level Cube I/O,base_blobber_methods.csv,未转换,N,0,14,0,14,14,0.00,isis/src/base/objs/Blobber/Blobber.h,N/A,抽象基类/纯虚接口
2,Medium,Not exported yet and has a moderate public API size,Hapke,Radiometric And Photometric Correction,base_hapke_methods.csv,未转换,N,0,14,0,14,14,0.00,isis/src/base/objs/Hapke/Hapke.h,N/A,
2,Medium,Not exported yet and has a moderate public API size,StatCumProbDistDynCalc,Statistics,base_stat_cum_prob_dist_dyn_calc_methods.csv,未转换,N,0,14,0,14,14,0.00,isis/src/base/objs/StatCumProbDistDynCalc/StatCumProbDistDynCalc.h,N/A,Qt 类型/信号槽较多
2,Medium,Not exported yet and has a moderate public API size,Column,Utility,base_column_methods.csv,未转换,N,0,14,0,14,14,0.00,isis/src/base/objs/Column/Column.h,N/A,
2,Medium,"Already exported in Python, but still has a moderate API gap",ProcessImportPds,High Level Cube I/O,base_process_import_pds_methods.csv,已转换,Y,2,15,0,15,17,11.76,isis/src/base/objs/ProcessImportPds/ProcessImportPds.h,isis_pybind_standalone/src/bind_high_level_cube_io.cpp,流程/回调接口较多
2,Medium,Not exported yet and has a moderate public API size,CsmBundleObservation,Control Networks,control_csm_bundle_observation_methods.csv,未转换,N,0,15,0,15,15,0.00,isis/src/control/objs/CsmBundleObservation/CsmBundleObservation.h,N/A,
2,Medium,Not exported yet and has a moderate public API size,LightTimeCorrectionState,"Spice, Instruments, and Cameras",base_light_time_correction_state_methods.csv,未转换,N,0,15,0,15,15,0.00,isis/src/base/objs/Spice/LightTimeCorrectionState.h,N/A,
2,Medium,"Already exported in Python, but still has a moderate API gap",Table,Low Level Cube I/O,base_table_methods.csv,已转换,Y,2,16,0,16,18,11.11,isis/src/base/objs/Table/Table.h,isis_pybind_standalone/src/bind_low_level_cube_io.cpp,需注意内存生命周期与数据视图映射
2,Medium,Not exported yet and has a moderate public API size,Matrix,Math,base_matrix_methods.csv,未转换,N,0,16,0,16,16,0.00,isis/src/base/objs/Matrix/Matrix.h,N/A,
2,Medium,Not exported yet and has a moderate public API size,MaximumLikelihoodWFunctions,Math,control_maximum_likelihood_w_functions_methods.csv,未转换,N,0,16,0,16,16,0.00,isis/src/control/objs/MaximumLikelihoodWFunctions/MaximumLikelihoodWFunctions.h,N/A,
2,Medium,Not exported yet and has a moderate public API size,Matrix,SensorUtilities,base_matrix_methods.csv,未转换,N,0,16,0,16,16,0.00,isis/src/base/objs/Matrix/Matrix.h,N/A,ISIS 同级 SensorUtilities 库；轻量值类型
2,Medium,Not exported yet and has a moderate public API size,ImportPdsTable,Utility,base_import_pds_table_methods.csv,未转换,N,0,16,0,16,16,0.00,isis/src/base/objs/ImportPdsTable/ImportPdsTable.h,N/A,
2,Medium,Not exported yet and has a moderate public API size,Selection,Utility,base_selection_methods.csv,未转换,N,0,16,0,16,16,0.00,isis/src/base/objs/Selection/Selection.h,N/A,抽象基类/纯虚接口
2,Medium,"Already exported in Python, but still has a moderate API gap",CameraGroundMap,"Spice, Instruments, and Cameras",base_camera_ground_map_methods.csv,已转换,Y,1,17,0,17,18,5.56,isis/src/base/objs/CameraGroundMap/CameraGroundMap.h,N/A,第六批已补基础单测（相机派生地面几何）
2,Medium,Not exported yet and has a moderate public API size,ImagePolygon,Pattern Matching,base_image_polygon_methods.csv,未转换,N,0,17,0,17,17,0.00,isis/src/base/objs/ImagePolygon/ImagePolygon.h,N/A,
2,Medium,Not exported yet and has a moderate public API size,SparseBlockMatrix,Utility,base_sparse_block_matrix_methods.csv,未转换,N,0,17,0,17,17,0.00,isis/src/base/objs/SparseBlockMatrix/SparseBlockMatrix.h,N/A,
2,Medium,"Already exported in Python, but still has a moderate API gap",Sensor,SensorUtilities,base_sensor_methods.csv,未转换,Y,20,18,0,18,38,52.63,isis/src/base/objs/Sensor/Sensor.h,isis_pybind_standalone/src/bind_sensor.cpp,ISIS 同级 SensorUtilities 库；抽象基类/纯虚接口
2,Medium,"Already exported in Python, but still has a moderate API gap",Sensor,"Spice, Instruments, and Cameras",base_sensor_methods.csv,已转换,Y,20,18,0,18,38,52.63,isis/src/base/objs/Sensor/Sensor.h,isis_pybind_standalone/src/bind_sensor.cpp,抽象基类/纯虚接口
2,Medium,Not exported yet and has a moderate public API size,InterestOperator,Control Networks,control_interest_operator_methods.csv,未转换,N,0,18,0,18,18,0.00,isis/src/control/objs/InterestOperator/InterestOperator.h,N/A,抽象基类/纯虚接口
2,Medium,Already exported in Python, but still has a moderate API gap,SerialNumberList,Control Networks,base_serial_number_list_methods.csv,已转换,Y,18,0,0,0,18,100.00,isis/src/base/objs/SerialNumberList/SerialNumberList.h,isis_pybind_standalone/src/base/bind_base_support.cpp,
2,Medium,Already exported in Python with a moderate API gap,Affine,Math,base_affine_methods.csv,已转换,Y,15,3,0,3,18,83.33,isis/src/base/objs/Affine/Affine.h,isis_pybind_standalone/src/base/bind_base_math.cpp,2026-03-25 已在 bind_base_math.cpp 暴露默认构造/求解/正反变换接口；静态矩阵工厂与矩阵访问仍待补
2,Medium,Not exported yet and has a moderate public API size,QuickFilter,Statistics,base_quick_filter_methods.csv,未转换,N,0,18,0,18,18,0.00,isis/src/base/objs/QuickFilter/QuickFilter.h,N/A,
2,Medium,"Already exported in Python, but still has a moderate API gap",CameraDetectorMap,"Spice, Instruments, and Cameras",base_camera_detector_map_methods.csv,已转换,Y,1,19,0,19,20,5.00,isis/src/base/objs/CameraDetectorMap/CameraDetectorMap.h,N/A,第六批已补基础单测（局部几何 round-trip / framing 失败路径）
2,Medium,Not exported yet and has a moderate public API size,UniversalGroundMap,Geometry,base_universal_ground_map_methods.csv,未转换,N,0,19,0,19,19,0.00,isis/src/base/objs/UniversalGroundMap/UniversalGroundMap.h,N/A,抽象基类/纯虚接口
2,Medium,Not exported yet and has a moderate public API size,ImageImporter,High Level Cube I/O,base_image_importer_methods.csv,未转换,N,0,19,0,19,19,0.00,isis/src/base/objs/ImageImporter/ImageImporter.h,N/A,抽象基类/纯虚接口
2,Medium,Not exported yet and has a moderate public API size,ProcessRubberSheet,High Level Cube I/O,base_process_rubber_sheet_methods.csv,未转换,N,0,19,0,19,19,0.00,isis/src/base/objs/ProcessRubberSheet/ProcessRubberSheet.h,N/A,流程/回调接口较多
2,Medium,Not exported yet and has a moderate public API size,RawCubeChunk,Low Level Cube I/O,base_raw_cube_chunk_methods.csv,未转换,N,0,19,0,19,19,0.00,isis/src/base/objs/Cube/RawCubeChunk.h,N/A,
2,Medium,Not exported yet and has a moderate public API size,HiCalConf,Mars Reconnaissance Orbiter,mro_hi_cal_conf_methods.csv,未转换,N,0,19,0,19,19,0.00,isis/src/mro/objs/HiCal/HiCalConf.h,N/A,
2,Medium,Not exported yet and has a moderate public API size,ExportDescription,High Level Cube I/O,base_export_description_methods.csv,未转换,N,0,20,0,20,20,0.00,isis/src/base/objs/ExportDescription/ExportDescription.h,N/A,
2,Medium,Not exported yet and has a moderate public API size,MocLabels,Mars Global Surveyor,mgs_moc_labels_methods.csv,已转换,Y,src/mgs/bind_mgs_utilities.cpp,22,0,22,22,100.00,isis/src/mgs/objs/MocLabels/MocLabels.h,"2026-04-05 已在 bind_mgs_utilities.cpp 暴露全部公共方法（构造函数、相机类型查询、求和模式、检测器/样本转换）","亦属 Spice, Instruments, and Cameras 相关类"
2,Medium,Not exported yet and has a moderate public API size,ZeroBufferFit,Mars Reconnaissance Orbiter,mro_zero_buffer_fit_methods.csv,未转换,N,0,20,0,20,20,0.00,isis/src/mro/objs/HiCal/ZeroBufferFit.h,N/A,
2,Medium,Not exported yet and has a moderate public API size,LeastSquares,Math,base_least_squares_methods.csv,未转换,N,0,20,0,20,20,0.00,isis/src/base/objs/LeastSquares/LeastSquares.h,N/A,
2,Medium,Not exported yet and has a moderate public API size,CameraStatistics,"Spice, Instruments, and Cameras",base_camera_statistics_methods.csv,未转换,N,0,20,0,20,20,0.00,isis/src/base/objs/CameraStatistics/CameraStatistics.h,N/A,
2,Medium,Not exported yet and has a moderate public API size,HiCalData,Mars Reconnaissance Orbiter,mro_hi_cal_data_methods.csv,未转换,N,0,21,0,21,21,0.00,isis/src/mro/objs/HiCal/HiCalData.h,N/A,抽象基类/纯虚接口
2,Medium,Not exported yet and has a moderate public API size,NonLinearLSQ,Mars Reconnaissance Orbiter,mro_non_linear_lsq_methods.csv,未转换,N,0,21,0,21,21,0.00,isis/src/mro/objs/HiCal/NonLinearLSQ.h,N/A,抽象基类/纯虚接口
2,Medium,Not exported yet and has a moderate public API size,FunctionTools,Math,base_function_tools_methods.csv,未转换,N,0,21,0,21,21,0.00,isis/src/base/objs/FunctionTools/FunctionTools.h,N/A,抽象基类/纯虚接口
2,Medium,Not exported yet and has a moderate public API size,GSLUtility,Utility,base_gsl_utility_methods.csv,未转换,N,0,21,0,21,21,0.00,isis/src/base/objs/GSLUtility/GSLUtility.h,N/A,
2,Medium,Not exported yet and has a moderate public API size,ControlNetFilter,Control Networks,control_control_net_filter_methods.csv,未转换,N,0,23,0,23,23,0.00,isis/src/control/objs/ControlNetFilter/ControlNetFilter.h,N/A,
2,Medium,Not exported yet and has a moderate public API size,IsisBundleObservation,Control Networks,control_isis_bundle_observation_methods.csv,未转换,N,0,23,0,23,23,0.00,isis/src/control/objs/BundleUtilities/IsisBundleObservation.h,N/A,
2,Medium,Not exported yet and has a moderate public API size,OverlapStatistics,Statistics,base_overlap_statistics_methods.csv,未转换,N,0,23,0,23,23,0.00,isis/src/base/objs/OverlapStatistics/OverlapStatistics.h,N/A,
2,Medium,Not exported yet and has a moderate public API size,Kernels,Utility,base_kernels_methods.csv,未转换,N,0,23,0,23,23,0.00,isis/src/base/objs/Kernels/Kernels.h,N/A,
2,Medium,Not exported yet and has a moderate public API size,Module,Mars Reconnaissance Orbiter,mro_module_methods.csv,未转换,N,0,24,0,24,24,0.00,isis/src/mro/objs/HiCal/Module.h,N/A,抽象基类/纯虚接口
2,Medium,Not exported yet and has a moderate public API size,PushFrameCameraDetectorMap,"Spice, Instruments, and Cameras",base_push_frame_camera_detector_map_methods.csv,未转换,N,0,24,0,24,24,0.00,isis/src/base/objs/PushFrameCameraDetectorMap/PushFrameCameraDetectorMap.h,N/A,
2,Medium,Not exported yet and has a moderate public API size,Stretch,Utility,base_stretch_methods.csv,未转换,N,0,25,0,25,25,0.00,isis/src/base/objs/Stretch/Stretch.h,N/A,抽象基类/纯虚接口
2,Medium,Not exported yet and has a moderate public API size,TextFile,Utility,base_text_file_methods.csv,未转换,N,0,25,0,25,25,0.00,isis/src/base/objs/TextFile/TextFile.h,N/A,
2,Medium,Not exported yet and has a moderate public API size,BundleObservation,Control Networks,control_bundle_observation_methods.csv,未转换,N,0,26,0,26,26,0.00,isis/src/control/objs/BundleUtilities/BundleObservation.h,N/A,抽象基类/纯虚接口
2,Medium,Not exported yet and has a moderate public API size,CSVReader,Parsing,base_csv_reader_methods.csv,未转换,N,0,26,0,26,26,0.00,isis/src/base/objs/CSVReader/CSVReader.h,N/A,抽象基类/纯虚接口
2,Medium,"Already exported in Python, but still has a moderate API gap",CameraFocalPlaneMap,"Spice, Instruments, and Cameras",base_camera_focal_plane_map_methods.csv,已转换,Y,1,27,0,27,28,3.57,isis/src/base/objs/CameraFocalPlaneMap/CameraFocalPlaneMap.h,N/A,第六批已补基础单测（局部几何 round-trip / 系数访问）
3,Low,"Already exported, but the remaining API surface is large",RingPlaneProjection,Map Projection,base_ring_plane_projection_methods.csv,已转换,Y,2,31,0,31,33,6.06,isis/src/base/objs/RingPlaneProjection/RingPlaneProjection.h,isis_pybind_standalone/src/base/bind_base_projection.cpp,抽象基类/纯虚接口
3,Low,Not exported yet and likely needs a larger binding effort,ProcessMosaic,High Level Cube I/O,base_process_mosaic_methods.csv,未转换,N,0,31,0,31,31,0.00,isis/src/base/objs/ProcessMosaic/ProcessMosaic.h,N/A,流程/回调接口较多
3,Low,Not exported yet and likely needs a larger binding effort,Area3D,Utility,base_area3_d_methods.csv,未转换,N,0,31,0,31,31,0.00,isis/src/base/objs/Area3D/Area3D.h,N/A,
3,Low,"Already exported, but the remaining API surface is large",PvlKeyword,Parsing,base_pvl_keyword_methods.csv,已转换,Y,2,32,0,32,34,5.88,isis/src/base/objs/PvlKeyword/PvlKeyword.h,isis_pybind_standalone/src/base/bind_base_pvl.cpp,Qt 类型/信号槽较多
3,Low,Not exported yet and likely needs a larger binding effort,ControlNetVitals,Control Networks,control_control_net_vitals_methods.csv,未转换,N,0,32,0,32,32,0.00,isis/src/control/objs/ControlNetVitals/ControlNetVitals.h,N/A,Qt 类型/信号槽较多
3,Low,Not exported yet and likely needs a larger binding effort,Shape,SensorUtilities,isis_shape_methods.csv,未转换,N,0,32,0,32,32,0.00,isis/src/qisis/objs/Shape/Shape.h,N/A,ISIS 同级 SensorUtilities 库；抽象基类/纯虚接口
3,Low,Not exported yet and likely needs a larger binding effort,PolygonTools,Utility,base_polygon_tools_methods.csv,未转换,N,0,32,0,32,32,0.00,isis/src/base/objs/PolygonTools/PolygonTools.h,N/A,
3,Low,"Already exported, but the remaining API surface is large",PvlContainer,Parsing,base_pvl_container_methods.csv,已转换,Y,3,33,0,33,36,8.33,isis/src/base/objs/PvlContainer/PvlContainer.h,isis_pybind_standalone/src/base/bind_base_pvl.cpp,
3,Low,"Already exported, but the remaining API surface is large",Projection,Map Projection,base_projection_methods.csv,已转换,Y,2,33,0,33,35,5.71,isis/src/base/objs/Projection/Projection.h,isis_pybind_standalone/src/base/bind_base_projection.cpp,抽象基类/纯虚接口；基础单测已补
3,Low,Not exported yet and likely needs a larger binding effort,BundleMeasure,Control Networks,control_bundle_measure_methods.csv,未转换,N,0,34,0,34,34,0.00,isis/src/control/objs/BundleUtilities/BundleMeasure.h,N/A,Qt 类型/信号槽较多
3,Low,Not exported yet and likely needs a larger binding effort,BundleSolutionInfo,Control Networks,control_bundle_solution_info_methods.csv,未转换,N,0,34,0,34,34,0.00,isis/src/control/objs/BundleSolutionInfo/BundleSolutionInfo.h,N/A,Qt 类型/信号槽较多
3,Low,Not exported yet and likely needs a larger binding effort,ControlNetValidMeasure,Control Networks,control_control_net_valid_measure_methods.csv,未转换,N,0,34,0,34,34,0.00,isis/src/control/objs/ControlNetValidMeasure/ControlNetValidMeasure.h,N/A,
3,Low,Not exported yet and likely needs a larger binding effort,ControlNetStatistics,Control Networks,control_control_net_statistics_methods.csv,未转换,N,0,35,0,35,35,0.00,isis/src/control/objs/ControlNetStatistics/ControlNetStatistics.h,N/A,
3,Low,"Already exported, but the remaining API surface is large",PvlObject,Parsing,base_pvl_object_methods.csv,已转换,Y,2,38,0,38,40,5.00,isis/src/base/objs/PvlObject/PvlObject.h,isis_pybind_standalone/src/base/bind_base_pvl.cpp,
3,Low,Not exported yet and likely needs a larger binding effort,Chip,Pattern Matching,base_chip_methods.csv,未转换,N,0,38,0,38,38,0.00,isis/src/base/objs/Chip/Chip.h,N/A,抽象基类/纯虚接口
3,Low,Not exported yet and likely needs a larger binding effort,Spice,"Spice, Instruments, and Cameras",base_spice_methods.csv,未转换,N,0,38,0,38,38,0.00,isis/src/base/objs/Spice/Spice.h,N/A,Qt 类型/信号槽较多
3,Low,Not exported yet and likely needs a larger binding effort,ProcessExportPds,High Level Cube I/O,base_process_export_pds_methods.csv,未转换,N,0,39,0,39,39,0.00,isis/src/base/objs/ProcessExportPds/ProcessExportPds.h,N/A,流程/回调接口较多
3,Low,Not exported yet and likely needs a larger binding effort,IString,Parsing,base_i_string_methods.csv,未转换,N,0,39,0,39,39,0.00,isis/src/base/objs/IString/IString.h,N/A,
3,Low,Not exported yet and likely needs a larger binding effort,PhotoModel,Radiometric And Photometric Correction,base_photo_model_methods.csv,未转换,N,0,39,0,39,39,0.00,isis/src/base/objs/PhotoModel/PhotoModel.h,N/A,抽象基类/纯虚接口
3,Low,Not exported yet and likely needs a larger binding effort,BundleControlPoint,Control Networks,control_bundle_control_point_methods.csv,未转换,N,0,41,0,41,41,0.00,isis/src/control/objs/BundleUtilities/BundleControlPoint.h,N/A,
3,Low,Not exported yet and likely needs a larger binding effort,AtmosModel,Radiometric And Photometric Correction,base_atmos_model_methods.csv,未转换,N,0,42,0,42,42,0.00,isis/src/base/objs/AtmosModel/AtmosModel.h,N/A,抽象基类/纯虚接口
3,Low,Not exported yet and likely needs a larger binding effort,NumericalApproximation,Math,base_numerical_approximation_methods.csv,未转换,N,0,43,0,43,43,0.00,isis/src/base/objs/NumericalApproximation/NumericalApproximation.h,N/A,抽象基类/纯虚接口
3,Low,Not exported yet and likely needs a larger binding effort,SpicePosition,"Spice, Instruments, and Cameras",base_spice_position_methods.csv,未转换,N,0,43,0,43,43,0.00,isis/src/base/objs/SpicePosition/SpicePosition.h,N/A,
3,Low,Not exported yet and likely needs a larger binding effort,ProcessExport,High Level Cube I/O,base_process_export_methods.csv,未转换,N,0,44,0,44,44,0.00,isis/src/base/objs/ProcessExport/ProcessExport.h,N/A,抽象基类/纯虚接口；流程/回调接口较多
3,Low,"Already exported, but the remaining API surface is large",TProjection,Map Projection,base_t_projection_methods.csv,已转换,Y,2,45,0,45,47,4.26,isis/src/base/objs/TProjection/TProjection.h,isis_pybind_standalone/src/base/bind_base_projection.cpp,抽象基类/纯虚接口
3,Low,Not exported yet and likely needs a larger binding effort,Pixel,Utility,base_pixel_methods.csv,未转换,N,0,45,0,45,45,0.00,isis/src/base/objs/Pixel/Pixel.h,N/A,
3,Low,Not exported yet and likely needs a larger binding effort,BundleTargetBody,Control Networks,control_bundle_target_body_methods.csv,未转换,N,0,46,0,46,46,0.00,isis/src/control/objs/BundleUtilities/BundleTargetBody.h,N/A,Qt 类型/信号槽较多
1,High,Already exported in Python with a small remaining API gap,AutoReg,Pattern Matching,base_auto_reg_methods.csv,已转换,Y,44,2,0,2,46,95.65,isis/src/base/objs/AutoReg/AutoReg.h,isis_pybind_standalone/src/base/bind_base_pattern.cpp,抽象基类/纯虚接口；通过子类使用
3,Low,Not exported yet and likely needs a larger binding effort,BundleObservationSolveSettings,Control Networks,control_bundle_observation_solve_settings_methods.csv,未转换,N,0,47,0,47,47,0.00,isis/src/control/objs/BundleUtilities/BundleObservationSolveSettings.h,N/A,Qt 类型/信号槽较多
3,Low,Already exported in Python with two remaining upstream implementation gaps,Calculator,Math,base_calculator_methods.csv,已转换,Y,50,2,0,2,52,96.15,isis/src/base/objs/Calculator/Calculator.h,isis_pybind_standalone/src/base/bind_base_math.cpp,2026-03-25 已在 bind_base_math.cpp 暴露 RPN 计算器主接口；Minimum2/Maximum2 上游源码未实现
3,Low,"Already exported, but the remaining API surface is large",ProcessByBrick,High Level Cube I/O,base_process_by_brick_methods.csv,已转换,Y,7,53,0,53,60,11.67,isis/src/base/objs/ProcessByBrick/ProcessByBrick.h,isis_pybind_standalone/src/bind_high_level_cube_io.cpp,抽象基类/纯虚接口；流程/回调接口较多
3,Low,Not exported yet and likely needs a larger binding effort,BundleSettings,Control Networks,control_bundle_settings_methods.csv,未转换,N,0,55,0,55,55,0.00,isis/src/control/objs/BundleSettings/BundleSettings.h,N/A,Qt 类型/信号槽较多
3,Low,"Already exported, but the remaining API surface is large",SurfacePoint,Geometry,base_surface_point_methods.csv,已转换,Y,2,58,0,58,60,3.33,isis/src/base/objs/SurfacePoint/SurfacePoint.h,isis_pybind_standalone/src/base/bind_base_surface.cpp,
3,Low,"Already exported, but the remaining API surface is large",Cube,Low Level Cube I/O,base_cube_methods.csv,已转换,Y,12,63,0,63,75,16.00,isis/src/base/objs/Cube/Cube.h,isis_pybind_standalone/src/bind_low_level_cube_io.cpp; isis_pybind_standalone/src/bind_cube.cpp,Qt 类型/信号槽较多；需注意内存生命周期与数据视图映射
3,Low,"Already exported, but the remaining API surface is large",ControlNet,Control Networks,control_control_net_methods.csv,已转换,Y,2,63,0,63,65,3.08,isis/src/control/objs/ControlNet/ControlNet.h,isis_pybind_standalone/src/control/bind_control_core.cpp,Qt 类型/信号槽较多；控制网对象关联紧密，需处理拷贝/引用语义
3,Low,"Already exported, but the remaining API surface is large",ProcessImport,High Level Cube I/O,base_process_import_methods.csv,已转换,Y,2,63,0,63,65,3.08,isis/src/base/objs/ProcessImport/ProcessImport.h,isis_pybind_standalone/src/bind_high_level_cube_io.cpp,流程/回调接口较多
3,Low,"Already exported, but the remaining API surface is large",ControlMeasure,Control Networks,control_control_measure_methods.csv,已转换,Y,2,70,0,70,72,2.78,isis/src/control/objs/ControlMeasure/ControlMeasure.h,isis_pybind_standalone/src/control/bind_control_core.cpp,Qt 类型/信号槽较多；控制网对象关联紧密，需处理拷贝/引用语义
3,Low,Not exported yet and likely needs a larger binding effort,SpiceRotation,"Spice, Instruments, and Cameras",base_spice_rotation_methods.csv,未转换,N,0,78,0,78,78,0.00,isis/src/base/objs/SpiceRotation/SpiceRotation.h,N/A,
3,Low,"Already exported, but the remaining API surface is large",Camera,"Spice, Instruments, and Cameras",base_camera_methods.csv,已转换,Y,3,81,0,81,84,3.57,isis/src/base/objs/Camera/Camera.h,isis_pybind_standalone/src/bind_camera.cpp,抽象基类/纯虚接口；相机模型/Spice 依赖；第五批已补基础单测
3,Low,"Already exported, but the remaining API surface is large",ControlPoint,Control Networks,control_control_point_methods.csv,已转换,Y,2,94,0,94,96,2.08,isis/src/control/objs/ControlPoint/ControlPoint.h,isis_pybind_standalone/src/control/bind_control_core.cpp,Qt 类型/信号槽较多；控制网对象关联紧密，需处理拷贝/引用语义
3,Low,Not exported yet and likely needs a larger binding effort,BundleResults,Control Networks,control_bundle_results_methods.csv,未转换,N,0,135,0,135,135,0.00,isis/src/control/objs/BundleResults/BundleResults.h,N/A,Qt 类型/信号槽较多
1,High,"Not exported yet, but the class looks small enough for a quick win",ApolloMetricCamera,Apollo,apollo_apollo_metric_camera_methods.csv,未转换,N,0,7,0,7,7,0.00,reference/upstream_isis/src/apollo/objs/ApolloMetricCamera/ApolloMetricCamera.h,N/A,"亦属 Spice, Instruments, and Cameras 相关类；相机模型/Spice 依赖"
1,High,"Not exported yet, but the class looks small enough for a quick win",ApolloMetricDistortionMap,Apollo,apollo_apollo_metric_distortion_map_methods.csv,未转换,N,0,4,0,4,4,0.00,reference/upstream_isis/src/apollo/objs/ApolloMetricCamera/ApolloMetricDistortionMap.h,N/A,"亦属 Spice, Instruments, and Cameras 相关类；相机模型/Spice 依赖"
1,High,"Not exported yet, but the class looks small enough for a quick win",ApolloPanoramicCamera,Apollo,apollo_apollo_panoramic_camera_methods.csv,未转换,N,0,9,0,9,9,0.00,reference/upstream_isis/src/apollo/objs/ApolloPanoramicCamera/ApolloPanoramicCamera.h,N/A,"亦属 Spice, Instruments, and Cameras 相关类；相机模型/Spice 依赖"
1,High,"Not exported yet, but the class looks small enough for a quick win",ApolloPanoramicDetectorMap,Apollo,apollo_apollo_panoramic_detector_map_methods.csv,未转换,N,0,10,0,10,10,0.00,reference/upstream_isis/src/apollo/objs/ApolloPanoramicCamera/ApolloPanoramicDetectorMap.h,N/A,"亦属 Spice, Instruments, and Cameras 相关类；相机模型/Spice 依赖"
1,High,"Not exported yet, but the class looks small enough for a quick win",IssNACamera,Cassini,cassini_iss_n_a_camera_methods.csv,未转换,N,0,6,0,6,6,0.00,reference/upstream_isis/src/cassini/objs/IssNACamera/IssNACamera.h,N/A,"亦属 Spice, Instruments, and Cameras 相关类；相机模型/Spice 依赖"
1,High,"Not exported yet, but the class looks small enough for a quick win",IssWACamera,Cassini,cassini_iss_w_a_camera_methods.csv,未转换,N,0,6,0,6,6,0.00,reference/upstream_isis/src/cassini/objs/IssWACamera/IssWACamera.h,N/A,"亦属 Spice, Instruments, and Cameras 相关类；相机模型/Spice 依赖"
1,High,"Not exported yet, but the class looks small enough for a quick win",VimsCamera,Cassini,cassini_vims_camera_methods.csv,未转换,N,0,7,0,7,7,0.00,reference/upstream_isis/src/cassini/objs/VimsCamera/VimsCamera.h,N/A,"亦属 Spice, Instruments, and Cameras 相关类；相机模型/Spice 依赖"
1,High,"Not exported yet, but the class looks small enough for a quick win",VimsGroundMap,Cassini,cassini_vims_ground_map_methods.csv,未转换,N,0,6,0,6,6,0.00,reference/upstream_isis/src/cassini/objs/VimsCamera/VimsGroundMap.h,N/A,"亦属 Spice, Instruments, and Cameras 相关类；相机模型/Spice 依赖"
1,High,"Not exported yet, but the class looks small enough for a quick win",VimsSkyMap,Cassini,cassini_vims_sky_map_methods.csv,未转换,N,0,5,0,5,5,0.00,reference/upstream_isis/src/cassini/objs/VimsCamera/VimsSkyMap.h,N/A,"亦属 Spice, Instruments, and Cameras 相关类；相机模型/Spice 依赖"
1,High,"Not exported yet, but the class looks small enough for a quick win",Chandrayaan1M3Camera,Chandrayaan-1,chandrayaan1_chandrayaan1_m3_camera_methods.csv,未转换,N,0,5,0,5,5,0.00,reference/upstream_isis/src/chandrayaan1/objs/Chandrayaan1M3Camera/Chandrayaan1M3Camera.h,N/A,"亦属 Spice, Instruments, and Cameras 相关类；相机模型/Spice 依赖"
1,High,"Not exported yet, but the class looks small enough for a quick win",Chandrayaan1M3DistortionMap,Chandrayaan-1,chandrayaan1_chandrayaan1_m3_distortion_map_methods.csv,未转换,N,0,4,0,4,4,0.00,reference/upstream_isis/src/chandrayaan1/objs/Chandrayaan1M3Camera/Chandrayaan1M3DistortionMap.h,N/A,"亦属 Spice, Instruments, and Cameras 相关类；相机模型/Spice 依赖"
1,High,"Not exported yet, but the class looks small enough for a quick win",HiresCamera,Clementine,clementine_hires_camera_methods.csv,未转换,N,0,6,0,6,6,0.00,reference/upstream_isis/src/clementine/objs/HiresCamera/HiresCamera.h,N/A,"亦属 Spice, Instruments, and Cameras 相关类；相机模型/Spice 依赖"
1,High,"Not exported yet, but the class looks small enough for a quick win",LwirCamera,Clementine,clementine_lwir_camera_methods.csv,未转换,N,0,6,0,6,6,0.00,reference/upstream_isis/src/clementine/objs/LwirCamera/LwirCamera.h,N/A,"亦属 Spice, Instruments, and Cameras 相关类；相机模型/Spice 依赖"
1,High,"Not exported yet, but the class looks small enough for a quick win",NirCamera,Clementine,clementine_nir_camera_methods.csv,未转换,N,0,6,0,6,6,0.00,reference/upstream_isis/src/clementine/objs/NirCamera/NirCamera.h,N/A,"亦属 Spice, Instruments, and Cameras 相关类；相机模型/Spice 依赖"
1,High,"Not exported yet, but the class looks small enough for a quick win",UvvisCamera,Clementine,clementine_uvvis_camera_methods.csv,未转换,N,0,6,0,6,6,0.00,reference/upstream_isis/src/clementine/objs/UvvisCamera/UvvisCamera.h,N/A,"亦属 Spice, Instruments, and Cameras 相关类；相机模型/Spice 依赖"
1,High,"Not exported yet, but the class looks small enough for a quick win",ClementineUvvisDistortionMap,Clementine,clementine_clementine_uvvis_distortion_map_methods.csv,未转换,N,0,4,0,4,4,0.00,reference/upstream_isis/src/clementine/objs/UvvisCamera/ClementineUvvisDistortionMap.h,N/A,"亦属 Spice, Instruments, and Cameras 相关类；相机模型/Spice 依赖"
1,High,"Not exported yet, but the class looks small enough for a quick win",ClipperNacRollingShutterCamera,Clipper,clipper_clipper_nac_rolling_shutter_camera_methods.csv,未转换,N,0,5,0,5,5,0.00,reference/upstream_isis/src/clipper/objs/ClipperNacRollingShutterCamera/ClipperNacRollingShutterCamera.h,N/A,"亦属 Spice, Instruments, and Cameras 相关类；相机模型/Spice 依赖"
1,High,"Not exported yet, but the class looks small enough for a quick win",ClipperPushBroomCamera,Clipper,clipper_clipper_push_broom_camera_methods.csv,未转换,N,0,5,0,5,5,0.00,reference/upstream_isis/src/clipper/objs/ClipperPushBroomCamera/ClipperPushBroomCamera.h,N/A,"亦属 Spice, Instruments, and Cameras 相关类；相机模型/Spice 依赖"
1,High,"Not exported yet, but the class looks small enough for a quick win",ClipperWacFcCamera,Clipper,clipper_clipper_wac_fc_camera_methods.csv,未转换,N,0,6,0,6,6,0.00,reference/upstream_isis/src/clipper/objs/ClipperWacFcCamera/ClipperWacFcCamera.h,N/A,"亦属 Spice, Instruments, and Cameras 相关类；相机模型/Spice 依赖"
1,High,"Not exported yet, but the class looks small enough for a quick win",SsiCamera,Galileo,galileo_ssi_camera_methods.csv,未转换,N,0,6,0,6,6,0.00,reference/upstream_isis/src/galileo/objs/SsiCamera/SsiCamera.h,N/A,"亦属 Spice, Instruments, and Cameras 相关类；相机模型/Spice 依赖"
1,High,"Not exported yet, but the class looks small enough for a quick win",JunoCamera,Juno,juno_juno_camera_methods.csv,未转换,N,0,7,0,7,7,0.00,reference/upstream_isis/src/juno/objs/JunoCamera/JunoCamera.h,N/A,"亦属 Spice, Instruments, and Cameras 相关类；相机模型/Spice 依赖"
1,High,"Not exported yet, but the class looks small enough for a quick win",JunoDistortionMap,Juno,juno_juno_distortion_map_methods.csv,未转换,N,0,5,0,5,5,0.00,reference/upstream_isis/src/juno/objs/JunoCamera/JunoDistortionMap.h,N/A,"亦属 Spice, Instruments, and Cameras 相关类；相机模型/Spice 依赖"
1,High,"Not exported yet, but the class looks small enough for a quick win",LoCameraFiducialMap,Lunar Orbiter,lo_lo_camera_fiducial_map_methods.csv,未转换,N,0,2,0,2,2,0.00,reference/upstream_isis/src/lo/objs/LoCameraFiducialMap/LoCameraFiducialMap.h,N/A,"亦属 Spice, Instruments, and Cameras 相关类；相机模型/Spice 依赖"
1,High,"Not exported yet, but the class looks small enough for a quick win",LoHighCamera,Lunar Orbiter,lo_lo_high_camera_methods.csv,未转换,N,0,6,0,6,6,0.00,reference/upstream_isis/src/lo/objs/LoHighCamera/LoHighCamera.h,N/A,"亦属 Spice, Instruments, and Cameras 相关类；相机模型/Spice 依赖"
1,High,"Not exported yet, but the class looks small enough for a quick win",LoHighDistortionMap,Lunar Orbiter,lo_lo_high_distortion_map_methods.csv,未转换,N,0,5,0,5,5,0.00,reference/upstream_isis/src/lo/objs/LoHighCamera/LoHighDistortionMap.h,N/A,"亦属 Spice, Instruments, and Cameras 相关类；相机模型/Spice 依赖"
1,High,"Not exported yet, but the class looks small enough for a quick win",LoMediumCamera,Lunar Orbiter,lo_lo_medium_camera_methods.csv,未转换,N,0,7,0,7,7,0.00,reference/upstream_isis/src/lo/objs/LoMediumCamera/LoMediumCamera.h,N/A,"亦属 Spice, Instruments, and Cameras 相关类；相机模型/Spice 依赖"
1,High,"Not exported yet, but the class looks small enough for a quick win",LoMediumDistortionMap,Lunar Orbiter,lo_lo_medium_distortion_map_methods.csv,未转换,N,0,5,0,5,5,0.00,reference/upstream_isis/src/lo/objs/LoMediumCamera/LoMediumDistortionMap.h,N/A,"亦属 Spice, Instruments, and Cameras 相关类；相机模型/Spice 依赖"
1,High,"Not exported yet, but the class looks small enough for a quick win",Mariner10Camera,Mariner,mariner_mariner10_camera_methods.csv,未转换,N,0,6,0,6,6,0.00,reference/upstream_isis/src/mariner/objs/Mariner10Camera/Mariner10Camera.h,N/A,"亦属 Spice, Instruments, and Cameras 相关类；相机模型/Spice 依赖"
1,High,"Not exported yet, but the class looks small enough for a quick win",TaylorCameraDistortionMap,Messenger,messenger_taylor_camera_distortion_map_methods.csv,未转换,N,0,5,0,5,5,0.00,reference/upstream_isis/src/messenger/objs/MdisCamera/TaylorCameraDistortionMap.h,N/A,"亦属 Spice, Instruments, and Cameras 相关类；相机模型/Spice 依赖"
1,High,"Not exported yet, but the class looks small enough for a quick win",NewHorizonsLeisaCamera,New Horizons,newhorizons_new_horizons_leisa_camera_methods.csv,未转换,N,0,7,0,7,7,0.00,reference/upstream_isis/src/newhorizons/objs/NewHorizonsLeisaCamera/NewHorizonsLeisaCamera.h,N/A,"亦属 Spice, Instruments, and Cameras 相关类；相机模型/Spice 依赖"
1,High,"Not exported yet, but the class looks small enough for a quick win",NewHorizonsLorriCamera,New Horizons,newhorizons_new_horizons_lorri_camera_methods.csv,未转换,N,0,6,0,6,6,0.00,reference/upstream_isis/src/newhorizons/objs/NewHorizonsLorriCamera/NewHorizonsLorriCamera.h,N/A,"亦属 Spice, Instruments, and Cameras 相关类；相机模型/Spice 依赖"
1,High,"Not exported yet, but the class looks small enough for a quick win",NewHorizonsLorriDistortionMap,New Horizons,newhorizons_new_horizons_lorri_distortion_map_methods.csv,未转换,N,0,4,0,4,4,0.00,reference/upstream_isis/src/newhorizons/objs/NewHorizonsLorriCamera/NewHorizonsLorriDistortionMap.h,N/A,"亦属 Spice, Instruments, and Cameras 相关类；相机模型/Spice 依赖"
1,High,"Not exported yet, but the class looks small enough for a quick win",NewHorizonsMvicFrameCamera,New Horizons,newhorizons_new_horizons_mvic_frame_camera_methods.csv,未转换,N,0,7,0,7,7,0.00,reference/upstream_isis/src/newhorizons/objs/NewHorizonsMvicFrameCamera/NewHorizonsMvicFrameCamera.h,N/A,"亦属 Spice, Instruments, and Cameras 相关类；相机模型/Spice 依赖"
1,High,"Not exported yet, but the class looks small enough for a quick win",NewHorizonsMvicFrameCameraDistortionMap,New Horizons,newhorizons_new_horizons_mvic_frame_camera_distortion_map_methods.csv,未转换,N,0,5,0,5,5,0.00,reference/upstream_isis/src/newhorizons/objs/NewHorizonsMvicFrameCamera/NewHorizonsMvicFrameCameraDistortionMap.h,N/A,"亦属 Spice, Instruments, and Cameras 相关类；相机模型/Spice 依赖"
1,High,"Not exported yet, but the class looks small enough for a quick win",NewHorizonsMvicTdiCamera,New Horizons,newhorizons_new_horizons_mvic_tdi_camera_methods.csv,未转换,N,0,5,0,5,5,0.00,reference/upstream_isis/src/newhorizons/objs/NewHorizonsMvicTdiCamera/NewHorizonsMvicTdiCamera.h,N/A,"亦属 Spice, Instruments, and Cameras 相关类；相机模型/Spice 依赖"
1,High,"Not exported yet, but the class looks small enough for a quick win",NewHorizonsMvicTdiCameraDistortionMap,New Horizons,newhorizons_new_horizons_mvic_tdi_camera_distortion_map_methods.csv,未转换,N,0,4,0,4,4,0.00,reference/upstream_isis/src/newhorizons/objs/NewHorizonsMvicTdiCamera/NewHorizonsMvicTdiCameraDistortionMap.h,N/A,"亦属 Spice, Instruments, and Cameras 相关类；相机模型/Spice 依赖"
1,High,"Not exported yet, but the class looks small enough for a quick win",ThemisIrCamera,Mars Odyssey,odyssey_themis_ir_camera_methods.csv,未转换,N,0,7,0,7,7,0.00,reference/upstream_isis/src/odyssey/objs/ThemisIrCamera/ThemisIrCamera.h,N/A,"亦属 Spice, Instruments, and Cameras 相关类；相机模型/Spice 依赖"
1,High,"Not exported yet, but the class looks small enough for a quick win",ThemisIrDistortionMap,Mars Odyssey,odyssey_themis_ir_distortion_map_methods.csv,未转换,N,0,5,0,5,5,0.00,reference/upstream_isis/src/odyssey/objs/ThemisIrCamera/ThemisIrDistortionMap.h,N/A,"亦属 Spice, Instruments, and Cameras 相关类；相机模型/Spice 依赖"
1,High,"Not exported yet, but the class looks small enough for a quick win",ThemisVisCamera,Mars Odyssey,odyssey_themis_vis_camera_methods.csv,未转换,N,0,8,0,8,8,0.00,reference/upstream_isis/src/odyssey/objs/ThemisVisCamera/ThemisVisCamera.h,N/A,"亦属 Spice, Instruments, and Cameras 相关类；相机模型/Spice 依赖"
1,High,"Not exported yet, but the class looks small enough for a quick win",ThemisVisDistortionMap,Mars Odyssey,odyssey_themis_vis_distortion_map_methods.csv,未转换,N,0,4,0,4,4,0.00,reference/upstream_isis/src/odyssey/objs/ThemisVisCamera/ThemisVisDistortionMap.h,N/A,"亦属 Spice, Instruments, and Cameras 相关类；相机模型/Spice 依赖"
1,High,"Already exported in Python, with complete public API coverage",RosettaOsirisCamera,Rosetta,rosetta_rosetta_osiris_camera_methods.csv,已转换,Y,6,0,0,0,6,100.00,reference/upstream_isis/src/rosetta/objs/RosettaOsirisCamera/RosettaOsirisCamera.h,src/mission/bind_mission_cameras.cpp,"相机模型/Spice 依赖；已完成绑定"
1,High,"Already exported in Python, with complete public API coverage",RosettaOsirisCameraDistortionMap,Rosetta,rosetta_rosetta_osiris_camera_distortion_map_methods.csv,已转换,Y,8,0,0,0,8,100.00,reference/upstream_isis/src/rosetta/objs/RosettaOsirisCamera/RosettaOsirisCameraDistortionMap.h,src/mission/bind_mission_cameras.cpp,"相机模型/Spice 依赖；已完成绑定"
1,High,"Already exported in Python, with complete public API coverage (ShutterOpenCloseTimes not needed for LineScanCamera)",RosettaVirtisCamera,Rosetta,rosetta_rosetta_virtis_camera_methods.csv,已转换,Y,5,0,0,0,5,100.00,reference/upstream_isis/src/rosetta/objs/RosettaVirtisCamera/RosettaVirtisCamera.h,src/mission/bind_mission_cameras.cpp,"相机模型/Spice 依赖；已完成绑定"
1,High,"Not exported yet, but the class looks small enough for a quick win",VikingCamera,Viking,viking_viking_camera_methods.csv,未转换,N,0,7,0,7,7,0.00,reference/upstream_isis/src/viking/objs/VikingCamera/VikingCamera.h,N/A,"亦属 Spice, Instruments, and Cameras 相关类；相机模型/Spice 依赖"
1,High,"Not exported yet, but the class looks small enough for a quick win",VoyagerCamera,Voyager,voyager_voyager_camera_methods.csv,未转换,N,0,7,0,7,7,0.00,reference/upstream_isis/src/voyager/objs/VoyagerCamera/VoyagerCamera.h,N/A,"亦属 Spice, Instruments, and Cameras 相关类；相机模型/Spice 依赖"
